No.,標準特厚,種,typ,杭種,D,t,Fc,fc_,fbc,sigma_e,Ec,ap,dp,ftp,sigma_pu,Ep,has_reinf,nr,r_designation,ag,dr,ftr,Er,ts,fts,Es,ps_sigma_y,CatalogAo,CatalogAe,CatalogIe,CatalogMal,CatalogMas,CatalogMcr,CatalogMu,CatalogQal,CatalogQas,CatalogQcr,CatalogNal,PcDesignation,PcCount
1001,標準型,A,MS-hi105-300-標準型-A,PHC,300,60,105,60,2.00,4.0,40000,240,240,1275,1420,200000,false,0,0,0,0,0,0,0,0,0,0,45200,46200,352990000,11.0,14.0,25.0,41.0,58.0,76.0,101.0,1201.0,7.1,6
1002,標準型,B,MS-hi105-300-標準型-B,PHC,300,60,105,60,4.00,8.0,40000,512,240,1275,1420,200000,false,0,0,0,0,0,0,0,0,0,0,45200,47300,360820000,24.0,28.0,36.0,83.0,78.0,98.0,127.0,1041.0,9.0,8
1003,標準型,C,MS-hi105-300-標準型-C,PHC,300,60,105,60,5.00,10.0,40000,628,240,1275,1420,200000,false,0,0,0,0,0,0,0,0,0,0,45200,47800,364160000,30.0,36.0,41.0,98.0,86.0,108.0,139.0,955.0,10.0,8
1004,標準型,A,MS-hi105-350-標準型-A,PHC,350,60,105,60,2.00,4.0,40000,320,290,1275,1420,200000,false,0,0,0,0,0,0,0,0,0,0,54700,55900,612710000,17.0,21.0,38.0,64.0,70.0,90.0,121.0,1454.0,7.1,8
1005,標準型,B,MS-hi105-350-標準型-B,PHC,350,60,105,60,4.00,8.0,40000,576,290,1275,1420,200000,false,0,0,0,0,0,0,0,0,0,0,54700,57000,623470000,35.0,42.0,53.0,112.0,93.0,118.0,152.0,1253.0,9.0,9
1006,標準型,C,MS-hi105-350-標準型-C,PHC,350,60,105,60,5.00,10.0,40000,707,290,1275,1420,200000,false,0,0,0,0,0,0,0,0,0,0,54700,57500,628960000,44.0,53.0,61.0,135.0,103.0,129.0,166.0,1150.0,10.0,9
1007,標準型,A,MS-hi105-400-標準型-A,PHC,400,65,105,60,2.00,4.0,40000,400,335,1275,1420,200000,false,0,0,0,0,0,0,0,0,0,0,68400,70000,1018210000,25.0,30.0,56.0,92.0,87.0,113.0,151.0,1820.0,7.1,10
1008,厚型,A,MS-hi105-400-厚型-A,PHC,400,80,105,60,2.00,4.0,40000,400,335,1275,1420,200000,false,0,0,0,0,0,0,0,0,0,0,80400,82000,1116220000,27.0,33.0,61.0,92.0,104.0,135.0,180.0,2133.0,7.1,10
1009,特厚型,A,MS-hi105-400-特厚型-A,PHC,400,95,105,60,2.00,4.0,40000,448,335,1275,1420,200000,false,0,0,0,0,0,0,0,0,0,0,91000,92800,1186310000,29.0,35.0,65.0,103.0,120.0,156.0,208.0,2413.0,9.0,7
1010,標準型,B,MS-hi105-400-標準型-B,PHC,400,65,105,60,4.00,8.0,40000,768,335,1275,1420,200000,false,0,0,0,0,0,0,0,0,0,0,68400,71500,1038860000,51.0,62.0,77.0,170.0,116.0,147.0,190.0,1573.0,9.0,12
1011,厚型,B,MS-hi105-400-厚型-B,PHC,400,80,105,60,3.95,7.9,40000,768,335,1275,1420,200000,false,0,0,0,0,0,0,0,0,0,0,80400,83500,1136870000,56.0,67.0,84.0,170.0,138.0,175.0,226.0,1842.0,9.0,12
1012,特厚型,B,MS-hi105-400-特厚型-B,PHC,400,95,105,60,4.00,8.0,40000,942,335,1275,1420,200000,false,0,0,0,0,0,0,0,0,0,0,91000,94800,1214030000,60.0,72.0,91.0,205.0,160.0,203.0,262.0,2086.0,10.0,12
1013,標準型,C,MS-hi105-400-標準型-C,PHC,400,65,105,60,5.00,10.0,40000,942,335,1275,1420,200000,false,0,0,0,0,0,0,0,0,0,0,68400,72200,1048620000,65.0,78.0,89.0,205.0,128.0,161.0,207.0,1443.0,10.0,12
1014,厚型,C,MS-hi105-400-厚型-C,PHC,400,80,105,60,4.80,9.6,40000,942,335,1275,1420,200000,false,0,0,0,0,0,0,0,0,0,0,80400,84200,1146630000,68.0,82.0,94.0,205.0,150.0,189.0,243.0,1721.0,10.0,12
1015,特厚型,C,MS-hi105-400-特厚型-C,PHC,400,95,105,60,5.00,10.0,40000,1200,335,1275,1420,200000,false,0,0,0,0,0,0,0,0,0,0,91000,95800,1228510000,76.0,92.0,104.0,249.0,177.0,222.0,286.0,1917.0,11.2,12
1016,標準型,A,MS-hi105-450-標準型-A,PHC,450,70,105,60,2.00,4.0,40000,448,380,1275,1420,200000,false,0,0,0,0,0,0,0,0,0,0,83600,85400,1591900000,35.0,42.0,77.0,117.0,106.0,138.0,184.0,2219.0,9.0,7
1017,厚型,A,MS-hi105-450-厚型-A,PHC,450,85,105,60,2.00,4.0,40000,448,380,1275,1420,200000,false,0,0,0,0,0,0,0,0,0,0,97500,99300,1743520000,38.0,46.0,85.0,118.0,125.0,162.0,217.0,2582.0,9.0,7
1018,特厚型,A,MS-hi105-450-特厚型-A,PHC,450,100,105,60,2.00,4.0,40000,550,380,1275,1420,200000,false,0,0,0,0,0,0,0,0,0,0,110000,112200,1860810000,41.0,49.0,90.0,142.0,144.0,187.0,249.0,2916.0,10.0,7
1019,標準型,B,MS-hi105-450-標準型-B,PHC,450,70,105,60,4.00,8.0,40000,896,380,1275,1420,200000,false,0,0,0,0,0,0,0,0,0,0,83600,87200,1624250000,72.0,86.0,108.0,225.0,141.0,179.0,232.0,1917.0,9.0,14
1020,厚型,B,MS-hi105-450-厚型-B,PHC,450,85,105,60,3.85,7.7,40000,896,380,1275,1420,200000,false,0,0,0,0,0,0,0,0,0,0,97500,101100,1775860000,75.0,90.0,115.0,225.0,164.0,208.0,270.0,2257.0,9.0,14
1021,特厚型,B,MS-hi105-450-特厚型-B,PHC,450,100,105,60,4.00,8.0,40000,1099,380,1275,1420,200000,false,0,0,0,0,0,0,0,0,0,0,110000,114400,1900490000,84.0,101.0,126.0,271.0,192.0,243.0,314.0,2516.0,10.0,14
1022,標準型,C,MS-hi105-450-標準型-C,PHC,450,70,105,60,5.00,10.0,40000,1099,380,1275,1420,200000,false,0,0,0,0,0,0,0,0,0,0,83600,88000,1638900000,91.0,109.0,123.0,273.0,156.0,196.0,252.0,1759.0,10.0,14
1023,厚型,C2,MS-hi105-450-厚型-C2,PHC,450,85,105,60,4.60,9.2,40000,1099,380,1275,1420,200000,false,0,0,0,0,0,0,0,0,0,0,97500,101900,1790520000,91.0,110.0,129.0,272.0,178.0,224.0,289.0,2115.0,10.0,14
1024,特厚型,C,MS-hi105-450-特厚型-C,PHC,450,100,105,60,5.00,10.0,40000,1400,380,1275,1420,200000,false,0,0,0,0,0,0,0,0,0,0,110000,115600,1922220000,106.0,128.0,145.0,334.0,212.0,266.0,342.0,2311.0,11.2,14
1025,標準型,A,MS-hi105-500-標準型-A,PHC,500,80,105,60,2.00,4.0,40000,576,420,1275,1420,200000,false,0,0,0,0,0,0,0,0,0,0,105600,107900,2462790000,49.0,59.0,108.0,167.0,135.0,174.0,232.0,2804.0,9.0,9
1026,厚型,A,MS-hi105-500-厚型-A,PHC,500,100,105,60,2.00,4.0,40000,576,420,1275,1420,200000,false,0,0,0,0,0,0,0,0,0,0,125700,128000,2721160000,54.0,65.0,119.0,168.0,162.0,210.0,281.0,3330.0,9.0,9
1027,特厚型,A,MS-hi105-500-特厚型-A,PHC,500,120,105,60,2.00,4.0,40000,707,420,1275,1420,200000,false,0,0,0,0,0,0,0,0,0,0,143300,146100,2905950000,58.0,69.0,127.0,203.0,190.0,246.0,328.0,3798.0,10.0,9
1028,標準型,B,MS-hi105-500-標準型-B,PHC,500,80,105,60,4.00,8.0,40000,1152,420,1275,1420,200000,false,0,0,0,0,0,0,0,0,0,0,105600,110200,2513590000,100.0,120.0,150.0,321.0,179.0,226.0,293.0,2424.0,9.0,18
1029,厚型,B,MS-hi105-500-厚型-B,PHC,500,100,105,60,3.80,7.6,40000,1152,420,1275,1420,200000,false,0,0,0,0,0,0,0,0,0,0,125700,130300,2771960000,105.0,126.0,162.0,320.0,213.0,269.0,349.0,2912.0,9.0,18
1030,特厚型,B,MS-hi105-500-特厚型-B,PHC,500,120,105,60,4.00,8.0,40000,1413,420,1275,1420,200000,false,0,0,0,0,0,0,0,0,0,0,143300,148900,2968270000,118.0,142.0,178.0,386.0,253.0,320.0,414.0,3276.0,10.0,18
1031,標準型,C,MS-hi105-500-標準型-C,PHC,500,80,105,60,5.00,10.0,40000,1413,420,1275,1420,200000,false,0,0,0,0,0,0,0,0,0,0,105600,111200,2536610000,126.0,152.0,172.0,388.0,198.0,249.0,319.0,2224.0,10.0,18
1032,厚型,C2,MS-hi105-500-厚型-C2,PHC,500,100,105,60,4.60,9.2,40000,1413,420,1275,1420,200000,false,0,0,0,0,0,0,0,0,0,0,125700,131300,2794980000,128.0,154.0,181.0,386.0,231.0,291.0,375.0,2729.0,10.0,18
1033,特厚型,C,MS-hi105-500-特厚型-C,PHC,500,120,105,60,5.00,10.0,40000,1800,420,1275,1420,200000,false,0,0,0,0,0,0,0,0,0,0,143300,150500,3002400000,150.0,180.0,204.0,473.0,279.0,351.0,451.0,3009.0,11.2,18
1034,標準型,A,MS-hi105-600-標準型-A,PHC,600,90,105,60,2.00,4.0,40000,768,510,1275,1420,200000,false,0,0,0,0,0,0,0,0,0,0,144200,147300,4934150000,82.0,98.0,180.0,270.0,183.0,237.0,317.0,3829.0,9.0,12
1035,厚型,A,MS-hi105-600-厚型-A,PHC,600,110,105,60,1.95,3.9,40000,768,510,1275,1420,200000,false,0,0,0,0,0,0,0,0,0,0,169300,172400,5438060000,89.0,107.0,198.0,270.0,217.0,281.0,375.0,4493.0,9.0,12
1036,特厚型,A,MS-hi105-600-特厚型-A,PHC,600,130,105,60,2.00,4.0,40000,942,510,1275,1420,200000,false,0,0,0,0,0,0,0,0,0,0,192000,195700,5828260000,97.0,116.0,213.0,327.0,251.0,325.0,434.0,5089.0,10.0,12
1037,標準型,B,MS-hi105-600-標準型-B,PHC,600,90,105,60,4.00,8.0,40000,1536,510,1275,1420,200000,false,0,0,0,0,0,0,0,0,0,0,144200,150300,5034030000,167.0,201.0,251.0,518.0,244.0,308.0,400.0,3308.0,9.0,24
1038,厚型,B,MS-hi105-600-厚型-B,PHC,600,110,105,60,3.80,7.6,40000,1536,510,1275,1420,200000,false,0,0,0,0,0,0,0,0,0,0,169300,175500,5537940000,174.0,209.0,268.0,516.0,283.0,359.0,465.0,3936.0,9.0,24
1039,特厚型,B,MS-hi105-600-特厚型-B,PHC,600,130,105,60,4.00,8.0,40000,1884,510,1275,1420,200000,false,0,0,0,0,0,0,0,0,0,0,192000,199500,5950760000,198.0,238.0,297.0,622.0,334.0,423.0,547.0,4389.0,10.0,24
1040,標準型,C,MS-hi105-600-標準型-C,PHC,600,90,105,60,5.00,10.0,40000,1884,510,1275,1420,200000,false,0,0,0,0,0,0,0,0,0,0,144200,151700,5079290000,211.0,253.0,287.0,627.0,269.0,339.0,435.0,3035.0,10.0,24
1041,厚型,C2,MS-hi105-600-厚型-C2,PHC,600,110,105,60,4.55,9.1,40000,1884,510,1275,1420,200000,false,0,0,0,0,0,0,0,0,0,0,169300,176900,5583200000,212.0,254.0,300.0,624.0,307.0,387.0,499.0,3692.0,10.0,24
1042,特厚型,C,MS-hi105-600-特厚型-C,PHC,600,130,105,60,5.00,10.0,40000,2400,510,1275,1420,200000,false,0,0,0,0,0,0,0,0,0,0,192000,201600,6017870000,250.0,300.0,341.0,771.0,369.0,464.0,596.0,4031.0,11.2,24
1043,標準型,A,MS-hi105-700-標準型-A,PHC,700,100,105,60,2.00,4.0,40000,1024,600,1275,1420,200000,false,0,0,0,0,0,0,0,0,0,0,188500,192600,8902230000,127.0,152.0,279.0,421.0,239.0,310.0,413.0,5007.0,9.0,16
1044,厚型,A,MS-hi105-700-厚型-A,PHC,700,120,105,60,2.00,4.0,40000,1024,600,1275,1420,200000,false,0,0,0,0,0,0,0,0,0,0,218700,222800,9772340000,139.0,167.0,307.0,422.0,280.0,363.0,484.0,5792.0,9.0,16
1045,特厚型,A,MS-hi105-700-特厚型-A,PHC,700,140,105,60,2.00,4.0,40000,1256,600,1275,1420,200000,false,0,0,0,0,0,0,0,0,0,0,246300,251300,10484500000,149.0,179.0,329.0,510.0,320.0,414.0,552.0,6534.0,10.0,16
1046,標準型,B,MS-hi105-700-標準型-B,PHC,700,100,105,60,4.00,8.0,40000,2041,600,1275,1420,200000,false,0,0,0,0,0,0,0,0,0,0,188500,196700,9085290000,259.0,311.0,389.0,805.0,318.0,403.0,521.0,4327.0,10.0,26
1047,厚型,B,MS-hi105-700-厚型-B,PHC,700,120,105,60,3.90,7.8,40000,2041,600,1275,1420,200000,false,0,0,0,0,0,0,0,0,0,0,218700,226800,9955400000,276.0,332.0,420.0,803.0,368.0,466.0,604.0,5041.0,10.0,26
1048,特厚型,B,MS-hi105-700-特厚型-B,PHC,700,140,105,60,4.00,8.0,40000,2600,600,1275,1420,200000,false,0,0,0,0,0,0,0,0,0,0,246300,256700,10726420000,306.0,367.0,459.0,1002.0,425.0,538.0,696.0,5647.0,11.2,26
1049,標準型,C,MS-hi105-700-標準型-C,PHC,700,100,105,60,5.00,10.0,40000,2600,600,1275,1420,200000,false,0,0,0,0,0,0,0,0,0,0,188500,198900,9185910000,328.0,393.0,446.0,1010.0,351.0,442.0,568.0,3978.0,11.2,26
1050,厚型,C,MS-hi105-700-厚型-C,PHC,700,120,105,60,4.85,9.7,40000,2600,600,1275,1420,200000,false,0,0,0,0,0,0,0,0,0,0,218700,229100,10056020000,348.0,417.0,479.0,1006.0,406.0,511.0,657.0,4651.0,11.2,26
1051,特厚型,C,MS-hi105-700-特厚型-C,PHC,700,140,105,60,5.00,10.0,40000,3250,600,1275,1420,200000,false,0,0,0,0,0,0,0,0,0,0,246300,259300,10843420000,387.0,464.0,526.0,1221.0,469.0,590.0,758.0,5186.0,12.6,26
1052,標準型,A,MS-hi105-800-標準型-A,PHC,800,110,105,60,2.00,4.0,40000,1280,690,1275,1420,200000,false,0,0,0,0,0,0,0,0,0,0,238400,243600,14855910000,185.0,222.0,408.0,603.0,302.0,391.0,522.0,6332.0,9.0,20
1053,厚型,A,MS-hi105-800-厚型-A,PHC,800,130,105,60,2.00,4.0,40000,1280,690,1275,1420,200000,false,0,0,0,0,0,0,0,0,0,0,273600,278800,16236970000,202.0,243.0,446.0,604.0,350.0,453.0,604.0,7248.0,9.0,20
1054,特厚型,A,MS-hi105-800-特厚型-A,PHC,800,150,105,60,2.00,4.0,40000,1570,690,1275,1420,200000,false,0,0,0,0,0,0,0,0,0,0,306300,312600,17411960000,217.0,261.0,478.0,731.0,395.0,512.0,682.0,8127.0,10.0,20
1055,標準型,B,MS-hi105-800-標準型-B,PHC,800,110,105,60,4.00,8.0,40000,2512,690,1275,1420,200000,false,0,0,0,0,0,0,0,0,0,0,238400,248500,15149190000,378.0,454.0,567.0,1140.0,402.0,509.0,658.0,5468.0,10.0,32
1056,厚型,B,MS-hi105-800-厚型-B,PHC,800,130,105,60,3.85,7.7,40000,2512,690,1275,1420,200000,false,0,0,0,0,0,0,0,0,0,0,273600,283700,16530250000,395.0,475.0,605.0,1137.0,457.0,578.0,750.0,6339.0,10.0,32
1057,特厚型,B,MS-hi105-800-特厚型-B,PHC,800,150,105,60,4.00,8.0,40000,3200,690,1275,1420,200000,false,0,0,0,0,0,0,0,0,0,0,306300,319100,17799980000,444.0,533.0,667.0,1419.0,526.0,665.0,861.0,7020.0,11.2,32
1058,標準型,C,MS-hi105-800-標準型-C,PHC,800,110,105,60,5.00,10.0,40000,3200,690,1275,1420,200000,false,0,0,0,0,0,0,0,0,0,0,238400,251200,15312970000,478.0,574.0,650.0,1429.0,444.0,558.0,717.0,5026.0,11.2,32
1059,厚型,C,MS-hi105-800-厚型-C,PHC,800,130,105,60,4.75,9.5,40000,3200,690,1275,1420,200000,false,0,0,0,0,0,0,0,0,0,0,273600,286400,16694030000,497.0,596.0,690.0,1424.0,503.0,633.0,815.0,5858.0,11.2,32
1060,特厚型,C,MS-hi105-800-特厚型-C,PHC,800,150,105,60,5.00,10.0,40000,4000,690,1275,1420,200000,false,0,0,0,0,0,0,0,0,0,0,306300,322300,17990420000,562.0,674.0,764.0,1740.0,581.0,730.0,938.0,6446.0,11.2,40
1061,標準型,A,MS-hi105-900-標準型-A,PHC,900,120,105,60,2.00,4.0,40000,1536,790,1275,1420,200000,false,0,0,0,0,0,0,0,0,0,0,294100,300200,23371320000,259.0,311.0,571.0,819.0,373.0,482.0,643.0,7805.0,9.0,24
1062,厚型,A,MS-hi105-900-厚型-A,PHC,900,140,105,60,2.00,4.0,40000,1536,790,1275,1420,200000,false,0,0,0,0,0,0,0,0,0,0,334300,340400,25432230000,281.0,338.0,620.0,820.0,426.0,551.0,735.0,8855.0,9.0,24
1063,特厚型,A,MS-hi105-900-特厚型-A,PHC,900,160,105,60,2.00,4.0,40000,1884,790,1275,1420,200000,false,0,0,0,0,0,0,0,0,0,0,372000,379500,27239140000,302.0,363.0,665.0,992.0,478.0,619.0,825.0,9867.0,10.0,24
1064,標準型,B,MS-hi105-900-標準型-B,PHC,900,120,105,60,4.00,8.0,40000,2983,790,1275,1420,200000,false,0,0,0,0,0,0,0,0,0,0,294100,306000,23822860000,529.0,635.0,793.0,1534.0,496.0,627.0,811.0,6733.0,10.0,38
1065,厚型,B2,MS-hi105-900-厚型-B2,PHC,900,140,105,60,3.75,7.5,40000,2983,790,1275,1420,200000,false,0,0,0,0,0,0,0,0,0,0,334300,346200,25883760000,536.0,644.0,831.0,1529.0,550.0,697.0,905.0,7804.0,10.0,38
1066,特厚型,B,MS-hi105-900-特厚型-B,PHC,900,160,105,60,4.00,8.0,40000,3800,790,1275,1420,200000,false,0,0,0,0,0,0,0,0,0,0,372000,387200,27837030000,618.0,742.0,927.0,1910.0,636.0,805.0,1042.0,8518.0,11.2,38
1067,標準型,C,MS-hi105-900-標準型-C,PHC,900,120,105,60,5.00,10.0,40000,3800,790,1275,1420,200000,false,0,0,0,0,0,0,0,0,0,0,294100,309300,24077800000,668.0,802.0,909.0,1924.0,547.0,688.0,884.0,6186.0,11.2,38
1068,厚型,C2,MS-hi105-900-厚型-C2,PHC,900,140,105,60,4.65,9.3,40000,3800,790,1275,1420,200000,false,0,0,0,0,0,0,0,0,0,0,334300,349500,26138710000,675.0,810.0,947.0,1917.0,606.0,764.0,983.0,7231.0,11.2,38
1069,特厚型,C,MS-hi105-900-特厚型-C,PHC,900,160,105,60,5.00,10.0,40000,4750,790,1275,1420,200000,false,0,0,0,0,0,0,0,0,0,0,372000,391000,28133480000,781.0,937.0,1062.0,2350.0,702.0,883.0,1135.0,7819.0,12.6,38
1070,標準型,A,MS-hi105-1000-標準型-A,PHC,1000,130,105,60,2.00,4.0,40000,1920,890,1275,1420,200000,false,0,0,0,0,0,0,0,0,0,0,355300,363000,35128150000,351.0,421.0,772.0,1137.0,450.0,582.0,776.0,9438.0,9.0,30
1071,厚型,A,MS-hi105-1000-厚型-A,PHC,1000,150,105,60,2.00,4.0,40000,1920,890,1275,1420,200000,false,0,0,0,0,0,0,0,0,0,0,400600,408200,38061920000,380.0,456.0,837.0,1138.0,510.0,660.0,880.0,10614.0,9.0,30
1072,特厚型,A,MS-hi105-1000-特厚型-A,PHC,1000,170,105,60,2.00,4.0,40000,2355,890,1275,1420,200000,false,0,0,0,0,0,0,0,0,0,0,443300,452700,40705850000,407.0,488.0,895.0,1377.0,568.0,735.0,981.0,11770.0,10.0,30
1073,標準型,B,MS-hi105-1000-標準型-B,PHC,1000,130,105,60,4.00,8.0,40000,3611,890,1275,1420,200000,false,0,0,0,0,0,0,0,0,0,0,355300,369800,35797870000,715.0,858.0,1073.0,2069.0,598.0,757.0,980.0,8136.0,10.0,46
1074,厚型,B2,MS-hi105-1000-厚型-B2,PHC,1000,150,105,60,3.75,7.5,40000,3611,890,1275,1420,200000,false,0,0,0,0,0,0,0,0,0,0,400600,415000,38731640000,728.0,872.0,1125.0,2064.0,661.0,837.0,1086.0,9326.0,10.0,46
1075,特厚型,B,MS-hi105-1000-特厚型-B,PHC,1000,170,105,60,4.00,8.0,40000,4600,890,1275,1420,200000,false,0,0,0,0,0,0,0,0,0,0,443300,461700,41594980000,831.0,998.0,1247.0,2578.0,756.0,956.0,1238.0,10157.0,11.2,46
1076,標準型,C,MS-hi105-1000-標準型-C,PHC,1000,130,105,60,5.00,10.0,40000,4600,890,1275,1420,200000,false,0,0,0,0,0,0,0,0,0,0,355300,373700,36189560000,904.0,1085.0,1230.0,2597.0,660.0,830.0,1067.0,7475.0,11.2,46
1077,厚型,C2,MS-hi105-1000-厚型-C2,PHC,1000,150,105,60,4.70,9.4,40000,4600,890,1275,1420,200000,false,0,0,0,0,0,0,0,0,0,0,400600,419000,39123330000,918.0,1102.0,1282.0,2588.0,728.0,917.0,1181.0,8633.0,11.2,46
1078,特厚型,C,MS-hi105-1000-特厚型-C,PHC,1000,170,105,60,5.00,10.0,40000,5750,890,1275,1420,200000,false,0,0,0,0,0,0,0,0,0,0,443300,466300,42050440000,1051.0,1261.0,1429.0,3174.0,834.0,1049.0,1348.0,9326.0,12.6,46
1079,標準型,A,MS-hi105-1100-標準型-A,PHC,1100,140,105,60,2.00,4.0,40000,2200,980,1275,1420,200000,false,0,0,0,0,0,0,0,0,0,0,422200,431000,50731760000,461.0,553.0,1014.0,1439.0,534.0,691.0,922.0,11206.0,11.2,22
1080,厚型,A,MS-hi105-1100-厚型-A,PHC,1100,160,105,60,2.00,4.0,40000,2200,980,1275,1420,200000,false,0,0,0,0,0,0,0,0,0,0,472500,481300,54755560000,497.0,597.0,1095.0,1441.0,601.0,777.0,1037.0,12514.0,11.2,22
1081,特厚型,A,MS-hi105-1100-特厚型-A,PHC,1100,180,105,60,2.00,4.0,40000,2600,980,1275,1420,200000,false,0,0,0,0,0,0,0,0,0,0,520200,530600,58397690000,530.0,637.0,1167.0,1683.0,666.0,861.0,1148.0,13797.0,11.2,26
1082,標準型,B,MS-hi105-1100-標準型-B,PHC,1100,140,105,60,4.00,8.0,40000,4400,980,1275,1420,200000,false,0,0,0,0,0,0,0,0,0,0,422200,439800,51788200000,941.0,1129.0,1411.0,2773.0,711.0,898.0,1163.0,9678.0,11.2,44
1083,厚型,B,MS-hi105-1100-厚型-B,PHC,1100,160,105,60,3.90,7.8,40000,4400,980,1275,1420,200000,false,0,0,0,0,0,0,0,0,0,0,472500,490100,55812000000,985.0,1182.0,1497.0,2767.0,789.0,998.0,1294.0,10901.0,11.2,44
1084,特厚型,B,MS-hi105-1100-特厚型-B,PHC,1100,180,105,60,4.00,8.0,40000,5500,980,1275,1420,200000,false,0,0,0,0,0,0,0,0,0,0,520200,542200,59790270000,1087.0,1304.0,1630.0,3396.0,886.0,1120.0,1449.0,11929.0,12.6,44
1085,標準型,C,MS-hi105-1100-標準型-C,PHC,1100,140,105,60,5.00,10.0,40000,5500,980,1275,1420,200000,false,0,0,0,0,0,0,0,0,0,0,422200,444200,52316420000,1188.0,1426.0,1616.0,3420.0,784.0,986.0,1267.0,8886.0,12.6,44
1086,厚型,C,MS-hi105-1100-厚型-C,PHC,1100,160,105,60,4.75,9.5,40000,5500,980,1275,1420,200000,false,0,0,0,0,0,0,0,0,0,0,472500,494500,56340220000,1216.0,1459.0,1691.0,3410.0,863.0,1086.0,1397.0,10133.0,12.6,44
1087,標準型,A,MS-hi105-1200-標準型-A,PHC,1200,150,105,60,2.00,4.0,40000,2600,1080,1275,1420,200000,false,0,0,0,0,0,0,0,0,0,0,494800,505200,71097630000,592.0,711.0,1303.0,1858.0,626.0,810.0,1080.0,13135.0,11.2,26
1088,厚型,A,MS-hi105-1200-厚型-A,PHC,1200,170,105,60,2.00,4.0,40000,2600,1080,1275,1420,200000,false,0,0,0,0,0,0,0,0,0,0,550100,560500,76452720000,637.0,764.0,1401.0,1859.0,699.0,904.0,1206.0,14573.0,11.2,26
1089,特厚型,A,MS-hi105-1200-特厚型-A,PHC,1200,190,105,60,2.00,4.0,40000,3000,1080,1275,1420,200000,false,0,0,0,0,0,0,0,0,0,0,602900,614900,81343660000,677.0,813.0,1491.0,2125.0,770.0,996.0,1328.0,15987.0,11.2,30
1090,標準型,B,MS-hi105-1200-標準型-B,PHC,1200,150,105,60,4.00,8.0,40000,5000,1080,1275,1420,200000,false,0,0,0,0,0,0,0,0,0,0,494800,514800,72497310000,1207.0,1449.0,1811.0,3454.0,832.0,1052.0,1363.0,11328.0,11.2,50
1091,厚型,B,MS-hi105-1200-厚型-B,PHC,1200,170,105,60,3.80,7.6,40000,5000,1080,1275,1420,200000,false,0,0,0,0,0,0,0,0,0,0,550100,570100,77852400000,1230.0,1477.0,1892.0,3446.0,909.0,1150.0,1492.0,12778.0,11.2,50
1092,特厚型,B,MS-hi105-1200-特厚型-B,PHC,1200,190,105,60,4.00,8.0,40000,6250,1080,1275,1420,200000,false,0,0,0,0,0,0,0,0,0,0,602900,627900,83239060000,1387.0,1664.0,2080.0,4232.0,1024.0,1295.0,1677.0,13813.0,12.6,50
1093,標準型,C,MS-hi105-1200-標準型-C,PHC,1200,150,105,60,5.00,10.0,40000,6500,1080,1275,1420,200000,false,0,0,0,0,0,0,0,0,0,0,494800,520800,73372110000,1528.0,1833.0,2078.0,4418.0,919.0,1155.0,1484.0,10418.0,12.6,52
1094,厚型,C,MS-hi105-1200-厚型-C,PHC,1200,170,105,60,4.80,9.6,40000,6500,1080,1275,1420,200000,false,0,0,0,0,0,0,0,0,0,0,550100,576100,78727200000,1579.0,1894.0,2183.0,4407.0,1009.0,1270.0,1634.0,11730.0,12.6,52
