Maker,Series,Shape,Name,Fc,PrestressType,HeadDia,HeadThickness,TipDia,TipThickness,NodeDia,PcDesignation,PcCount,Ap,Pcd,HeadAo,HeadAe,HeadIe,HeadSigmaCe,HeadMal,HeadMas,HeadMcr,HeadMu,HeadQal,HeadQas,HeadQcr,HeadNal,TipAo,TipAe,TipIe,TipSigmaCe,NodePitch,HeadOffset,ToeOffset,NodeFlatLength,Ec,Ftp,SigmaPu,Ep,FcAllowCompLong,FcAllowCompShort,FcAllowDiagLong,FcAllowDiagShort,AllowBendTensLongFactor,AllowBendTensShortFactor
三谷セキサン,BF.S105,頭部厚型節付き杭,400-3045,105.0,A2,400.0,105.0,300.0,55.0,450.0,7.1,6,240.0,240.0,97300.0,98300.0,1199580000.0,1.8,13.0,16.0,52.0,57.0,99.0,133.0,185.0,2773.0,42333.0,43293.0,340548648.9,4.087,1000.0,500.0,500.0,75.0,40000.0,1275.0,1420.0,200000.0,30.0,60.0,1.2,1.8,0.25,0.5
三谷セキサン,BF.S105,頭部厚型節付き杭,400-3045,105.0,B2,400.0,105.0,300.0,55.0,450.0,9.0,8,512.0,240.0,97300.0,99400.0,1207410000.0,3.7,27.0,33.0,64.0,116.0,127.0,165.0,221.0,2615.0,42333.0,44381.0,348382248.9,8.287,1000.0,500.0,500.0,75.0,40000.0,1275.0,1420.0,200000.0,30.0,60.0,1.2,1.8,0.25,0.5
三谷セキサン,BF.S105,頭部厚型節付き杭,400-3045,105.0,C2,400.0,105.0,300.0,55.0,450.0,10.0,8,628.0,240.0,97300.0,99800.0,1210750000.0,4.7,35.0,42.0,70.0,140.0,139.0,179.0,237.0,2527.0,42333.0,44845.0,351723048.9,10.46,1000.0,500.0,500.0,75.0,40000.0,1275.0,1420.0,200000.0,30.0,60.0,1.2,1.8,0.25,0.5
三谷セキサン,BF.S105,頭部厚型節付き杭,500-4055,105.0,A2,500.0,110.0,400.0,60.0,550.0,7.1,10,400.0,335.0,134800.0,136400.0,2788690000.0,2.0,27.0,32.0,99.0,118.0,137.0,184.0,255.0,3824.0,64088.5,65688.5,977363503.0,4.153,1000.0,500.0,500.0,75.0,40000.0,1275.0,1420.0,200000.0,30.0,60.0,1.2,1.8,0.25,0.5
三谷セキサン,BF.S105,頭部厚型節付き杭,500-4055,105.0,B2,500.0,110.0,400.0,60.0,550.0,9.0,12,768.0,335.0,134800.0,137800.0,2809340000.0,4.0,56.0,67.0,123.0,218.0,177.0,229.0,305.0,3580.0,64088.5,67160.5,998012903.0,8.207,1000.0,500.0,500.0,75.0,40000.0,1275.0,1420.0,200000.0,30.0,60.0,1.2,1.8,0.25,0.5
三谷セキサン,BF.S105,頭部厚型節付き杭,500-4055,105.0,C2,500.0,110.0,400.0,60.0,550.0,10.0,12,942.0,335.0,134800.0,138500.0,2819100000.0,5.1,71.0,85.0,136.0,263.0,194.0,249.0,328.0,3452.0,64088.5,67856.5,1007776478.0,10.409,1000.0,500.0,500.0,75.0,40000.0,1275.0,1420.0,200000.0,30.0,60.0,1.2,1.8,0.25,0.5
三谷セキサン,BF.S105,頭部厚型節付き杭,600-5065,105.0,A2,600.0,130.0,500.0,80.0,650.0,9.0,9,576.0,420.0,192000.0,194300.0,5756550000.0,2.2,53.0,64.0,177.0,205.0,204.0,271.0,373.0,5392.0,105557.5,107861.5,2462792375.7,3.963,1000.0,500.0,500.0,75.0,40000.0,1275.0,1420.0,200000.0,30.0,60.0,1.2,1.8,0.25,0.5
三谷セキサン,BF.S105,頭部厚型節付き杭,600-5065,105.0,B2,600.0,130.0,500.0,80.0,650.0,9.0,18,1152.0,420.0,192000.0,196600.0,5807350000.0,4.6,111.0,133.0,224.0,392.0,265.0,341.0,452.0,4995.0,105557.5,110165.5,2513595575.7,8.209,1000.0,500.0,500.0,75.0,40000.0,1275.0,1420.0,200000.0,30.0,60.0,1.2,1.8,0.25,0.5
三谷セキサン,BF.S105,頭部厚型節付き杭,600-5065,105.0,C2,600.0,130.0,500.0,80.0,650.0,10.0,18,1413.0,420.0,192000.0,197600.0,5830370000.0,5.8,140.0,168.0,248.0,473.0,291.0,372.0,488.0,4785.0,105557.5,111209.5,2536615775.7,10.306,1000.0,500.0,500.0,75.0,40000.0,1275.0,1420.0,200000.0,30.0,60.0,1.2,1.8,0.25,0.5
三谷セキサン,BF.S105,頭部厚型節付き杭,700-6075,105.0,A2,700.0,140.0,600.0,90.0,750.0,9.0,12,768.0,510.0,246300.0,249400.0,10358300000.0,2.4,88.0,106.0,277.0,319.0,265.0,351.0,481.0,6886.0,144199.1,147271.1,4934153321.4,4.064,1000.0,500.0,500.0,75.0,40000.0,1275.0,1420.0,200000.0,30.0,60.0,1.2,1.8,0.25,0.5
三谷セキサン,BF.S105,頭部厚型節付き杭,700-6075,105.0,B2,700.0,140.0,600.0,90.0,750.0,9.0,24,1536.0,510.0,246300.0,252400.0,10458180000.0,4.9,181.0,217.0,354.0,611.0,345.0,443.0,586.0,6344.0,144199.1,150343.1,5034031721.4,8.226,1000.0,500.0,500.0,75.0,40000.0,1275.0,1420.0,200000.0,30.0,60.0,1.2,1.8,0.25,0.5
三谷セキサン,BF.S105,頭部厚型節付き杭,700-6075,105.0,C2,700.0,140.0,600.0,90.0,750.0,10.0,24,1884.0,510.0,246300.0,253800.0,10503440000.0,6.1,229.0,275.0,393.0,739.0,380.0,484.0,633.0,6059.0,144199.1,151735.1,5079289121.4,10.203,1000.0,500.0,500.0,75.0,40000.0,1275.0,1420.0,200000.0,30.0,60.0,1.2,1.8,0.25,0.5
三谷セキサン,BF.S105,頭部厚型節付き杭,800-7090,105.0,A2,800.0,150.0,700.0,100.0,900.0,9.0,16,1024.0,600.0,306300.0,310400.0,17222540000.0,2.5,134.0,161.0,409.0,486.0,334.0,441.0,602.0,8533.0,188495.6,192591.6,8902239613.7,4.029,1000.0,500.0,500.0,100.0,40000.0,1275.0,1420.0,200000.0,30.0,60.0,1.2,1.8,0.25,0.5
三谷セキサン,BF.S105,頭部厚型節付き杭,800-7090,105.0,B2,800.0,150.0,700.0,100.0,900.0,10.0,26,2041.0,600.0,306300.0,314500.0,17405600000.0,5.1,277.0,332.0,526.0,927.0,435.0,558.0,736.0,7830.0,188495.6,196659.6,9085299613.7,8.156,1000.0,500.0,500.0,100.0,40000.0,1275.0,1420.0,200000.0,30.0,60.0,1.2,1.8,0.25,0.5
三谷セキサン,BF.S105,頭部厚型節付き杭,800-7090,105.0,C2,800.0,150.0,700.0,100.0,900.0,11.2,26,2600.0,600.0,306300.0,316700.0,17506220000.0,6.4,351.0,422.0,587.0,1160.0,479.0,610.0,796.0,7463.0,188495.6,198895.6,9185919613.7,10.191,1000.0,500.0,500.0,100.0,40000.0,1275.0,1420.0,200000.0,30.0,60.0,1.2,1.8,0.25,0.5
三谷セキサン,BF.S105,頭部厚型節付き杭,900-80100,105.0,A2,900.0,160.0,800.0,110.0,1000.0,9.0,20,1280.0,690.0,372000.0,377100.0,26955940000.0,2.6,195.0,234.0,575.0,684.0,409.0,539.0,735.0,10330.0,238446.9,243566.9,14855924998.9,4.025,1000.0,500.0,500.0,100.0,40000.0,1275.0,1420.0,200000.0,30.0,60.0,1.2,1.8,0.25,0.5
三谷セキサン,BF.S105,頭部厚型節付き杭,900-80100,105.0,B2,900.0,160.0,800.0,110.0,1000.0,10.0,32,2512.0,690.0,372000.0,382000.0,27249220000.0,5.3,400.0,481.0,744.0,1288.0,535.0,685.0,901.0,9436.0,238446.9,248494.9,15149202598.9,8.147,1000.0,500.0,500.0,100.0,40000.0,1275.0,1420.0,200000.0,30.0,60.0,1.2,1.8,0.25,0.5
三谷セキサン,BF.S105,頭部厚型節付き杭,900-80100,105.0,C2,900.0,160.0,800.0,110.0,1000.0,11.2,32,3200.0,690.0,372000.0,384800.0,27413000000.0,6.7,508.0,609.0,833.0,1613.0,589.0,748.0,975.0,8975.0,238446.9,251246.9,15312980998.9,10.261,1000.0,500.0,500.0,100.0,40000.0,1275.0,1420.0,200000.0,30.0,60.0,1.2,1.8,0.25,0.5
三谷セキサン,BF.S105,頭部厚型節付き杭,1000-90110,105.0,A2,1000.0,170.0,900.0,120.0,1100.0,9.0,24,1536.0,790.0,443300.0,449400.0,40252460000.0,2.7,271.0,325.0,780.0,915.0,492.0,647.0,881.0,12271.0,294053.1,300197.1,23371340484.5,4.042,1000.0,500.0,500.0,100.0,40000.0,1275.0,1420.0,200000.0,30.0,60.0,1.2,1.8,0.25,0.5
三谷セキサン,BF.S105,頭部厚型節付き杭,1000-90110,105.0,B2,1000.0,170.0,900.0,120.0,1100.0,10.0,38,2983.0,790.0,443300.0,455200.0,40704000000.0,5.5,555.0,667.0,1014.0,1708.0,644.0,823.0,1082.0,11169.0,294053.1,305985.1,23822876834.5,8.182,1000.0,500.0,500.0,100.0,40000.0,1275.0,1420.0,200000.0,30.0,60.0,1.2,1.8,0.25,0.5
三谷セキサン,BF.S105,頭部厚型節付き杭,1000-90110,105.0,C2,1000.0,170.0,900.0,120.0,1100.0,11.2,38,3800.0,790.0,443300.0,458500.0,40958940000.0,6.9,704.0,845.0,1137.0,2140.0,709.0,900.0,1172.0,10600.0,294053.1,309253.1,24077821684.5,10.23,1000.0,500.0,500.0,100.0,40000.0,1275.0,1420.0,200000.0,30.0,60.0,1.2,1.8,0.25,0.5
三谷セキサン,BF.S105,頭部厚型節付き杭,1100-100120,105.0,A2,1100.0,180.0,1000.0,130.0,1200.0,9.0,30,1920.0,890.0,520200.0,527900.0,57909580000.0,2.8,365.0,438.0,1029.0,1256.0,582.0,765.0,1039.0,14372.0,355314.1,362994.1,35128175139.2,4.072,1000.0,500.0,500.0,100.0,40000.0,1275.0,1420.0,200000.0,30.0,60.0,1.2,1.8,0.25,0.5
三谷セキサン,BF.S105,頭部厚型節付き杭,1100-100120,105.0,B2,1100.0,180.0,1000.0,130.0,1200.0,10.0,46,3611.0,890.0,520200.0,534700.0,58579300000.0,5.6,747.0,897.0,1343.0,2278.0,762.0,974.0,1279.0,13037.0,355314.1,369758.1,35797895689.2,8.098,1000.0,500.0,500.0,100.0,40000.0,1275.0,1420.0,200000.0,30.0,60.0,1.2,1.8,0.25,0.5
三谷セキサン,BF.S105,頭部厚型節付き杭,1100-100120,105.0,C2,1100.0,180.0,1000.0,130.0,1200.0,11.2,46,4600.0,890.0,520200.0,538600.0,58971000000.0,7.1,947.0,1136.0,1508.0,2855.0,840.0,1065.0,1385.0,12350.0,355314.1,373714.1,36189589139.2,10.233,1000.0,500.0,500.0,100.0,40000.0,1275.0,1420.0,200000.0,30.0,60.0,1.2,1.8,0.25,0.5
三谷セキサン,BF.S105,頭部厚型節付き杭,1200-110130,105.0,A2,1200.0,190.0,1100.0,140.0,1300.0,11.2,22,2200.0,980.0,602900.0,611700.0,80650500000.0,2.8,477.0,572.0,1322.0,1576.0,679.0,891.0,1209.0,16613.0,422230.1,431030.1,50731805693.4,3.974,1000.0,500.0,500.0,100.0,40000.0,1275.0,1420.0,200000.0,30.0,60.0,1.2,1.8,0.25,0.5
三谷セキサン,BF.S105,頭部厚型節付き杭,1200-110130,105.0,B2,1200.0,190.0,1100.0,140.0,1300.0,11.2,44,4400.0,980.0,602900.0,620500.0,81706940000.0,5.8,979.0,1175.0,1736.0,3024.0,891.0,1137.0,1491.0,15044.0,422230.1,439830.1,51788245693.4,8.182,1000.0,500.0,500.0,100.0,40000.0,1275.0,1420.0,200000.0,30.0,60.0,1.2,1.8,0.25,0.5
三谷セキサン,BF.S105,頭部厚型節付き杭,1200-110130,105.0,C2,1200.0,190.0,1100.0,140.0,1300.0,12.6,44,5500.0,980.0,602900.0,624900.0,82235160000.0,7.2,1239.0,1487.0,1951.0,3726.0,981.0,1244.0,1616.0,14224.0,422230.1,444230.1,52316465693.4,10.128,1000.0,500.0,500.0,100.0,40000.0,1275.0,1420.0,200000.0,30.0,60.0,1.2,1.8,0.25,0.5
三谷セキサン,BF.S123,頭部厚型節付き杭,400-3045,123.0,A2,400.0,105.0,300.0,55.0,450.0,7.1,6,240.0,240.0,97300.0,98300.0,1199580000.0,1.8,13.0,16.0,52.0,57.0,99.0,133.0,185.0,3264.0,42333.0,43293.0,340548648.9,4.087,1000.0,500.0,500.0,75.0,40000.0,1275.0,1420.0,200000.0,35.0,70.0,1.2,1.8,0.25,0.5
三谷セキサン,BF.S123,頭部厚型節付き杭,400-3045,123.0,B2,400.0,105.0,300.0,55.0,450.0,9.0,8,512.0,240.0,97300.0,99400.0,1207410000.0,3.7,27.0,33.0,64.0,116.0,127.0,165.0,221.0,3112.0,42333.0,44381.0,348382248.9,8.287,1000.0,500.0,500.0,75.0,40000.0,1275.0,1420.0,200000.0,35.0,70.0,1.2,1.8,0.25,0.5
三谷セキサン,BF.S123,頭部厚型節付き杭,400-3045,123.0,C2,400.0,105.0,300.0,55.0,450.0,10.0,8,628.0,240.0,97300.0,99800.0,1210750000.0,4.7,35.0,42.0,70.0,140.0,139.0,179.0,237.0,3026.0,42333.0,44845.0,351723048.9,10.46,1000.0,500.0,500.0,75.0,40000.0,1275.0,1420.0,200000.0,35.0,70.0,1.2,1.8,0.25,0.5
三谷セキサン,BF.S123,頭部厚型節付き杭,500-4055,123.0,A2,500.0,110.0,400.0,60.0,550.0,7.1,10,400.0,335.0,134800.0,136400.0,2788690000.0,2.0,27.0,32.0,99.0,118.0,137.0,184.0,255.0,4506.0,64088.5,65688.5,977363503.0,4.153,1000.0,500.0,500.0,75.0,40000.0,1275.0,1420.0,200000.0,35.0,70.0,1.2,1.8,0.25,0.5
三谷セキサン,BF.S123,頭部厚型節付き杭,500-4055,123.0,B2,500.0,110.0,400.0,60.0,550.0,9.0,12,768.0,335.0,134800.0,137800.0,2809340000.0,4.0,56.0,67.0,123.0,218.0,177.0,229.0,305.0,4269.0,64088.5,67160.5,998012903.0,8.207,1000.0,500.0,500.0,75.0,40000.0,1275.0,1420.0,200000.0,35.0,70.0,1.2,1.8,0.25,0.5
三谷セキサン,BF.S123,頭部厚型節付き杭,500-4055,123.0,C2,500.0,110.0,400.0,60.0,550.0,10.0,12,942.0,335.0,134800.0,138500.0,2819100000.0,5.1,71.0,85.0,136.0,263.0,194.0,249.0,328.0,4144.0,64088.5,67856.5,1007776478.0,10.409,1000.0,500.0,500.0,75.0,40000.0,1275.0,1420.0,200000.0,35.0,70.0,1.2,1.8,0.25,0.5
三谷セキサン,BF.S123,頭部厚型節付き杭,600-5065,123.0,A2,600.0,130.0,500.0,80.0,650.0,9.0,9,576.0,420.0,192000.0,194300.0,5756550000.0,2.2,53.0,64.0,177.0,205.0,204.0,271.0,373.0,6364.0,105557.5,107861.5,2462792375.7,3.963,1000.0,500.0,500.0,75.0,40000.0,1275.0,1420.0,200000.0,35.0,70.0,1.2,1.8,0.25,0.5
三谷セキサン,BF.S123,頭部厚型節付き杭,600-5065,123.0,B2,600.0,130.0,500.0,80.0,650.0,9.0,18,1152.0,420.0,192000.0,196600.0,5807350000.0,4.6,111.0,133.0,224.0,392.0,265.0,341.0,452.0,5978.0,105557.5,110165.5,2513595575.7,8.209,1000.0,500.0,500.0,75.0,40000.0,1275.0,1420.0,200000.0,35.0,70.0,1.2,1.8,0.25,0.5
三谷セキサン,BF.S123,頭部厚型節付き杭,600-5065,123.0,C2,600.0,130.0,500.0,80.0,650.0,10.0,18,1413.0,420.0,192000.0,197600.0,5830370000.0,5.8,140.0,168.0,248.0,473.0,291.0,372.0,488.0,5773.0,105557.5,111209.5,2536615775.7,10.306,1000.0,500.0,500.0,75.0,40000.0,1275.0,1420.0,200000.0,35.0,70.0,1.2,1.8,0.25,0.5
三谷セキサン,BF.S123,頭部厚型節付き杭,700-6075,123.0,A2,700.0,140.0,600.0,90.0,750.0,9.0,12,768.0,510.0,246300.0,249400.0,10358300000.0,2.4,88.0,106.0,277.0,319.0,265.0,351.0,481.0,8133.0,144199.1,147271.1,4934153321.4,4.064,1000.0,500.0,500.0,75.0,40000.0,1275.0,1420.0,200000.0,35.0,70.0,1.2,1.8,0.25,0.5
三谷セキサン,BF.S123,頭部厚型節付き杭,700-6075,123.0,B2,700.0,140.0,600.0,90.0,750.0,9.0,24,1536.0,510.0,246300.0,252400.0,10458180000.0,4.9,181.0,217.0,354.0,611.0,345.0,443.0,586.0,7606.0,144199.1,150343.1,5034031721.4,8.226,1000.0,500.0,500.0,75.0,40000.0,1275.0,1420.0,200000.0,35.0,70.0,1.2,1.8,0.25,0.5
三谷セキサン,BF.S123,頭部厚型節付き杭,700-6075,123.0,C2,700.0,140.0,600.0,90.0,750.0,10.0,24,1884.0,510.0,246300.0,253800.0,10503440000.0,6.1,229.0,275.0,393.0,739.0,380.0,484.0,633.0,7328.0,144199.1,151735.1,5079289121.4,10.203,1000.0,500.0,500.0,75.0,40000.0,1275.0,1420.0,200000.0,35.0,70.0,1.2,1.8,0.25,0.5
三谷セキサン,BF.S123,頭部厚型節付き杭,800-7090,123.0,A2,800.0,150.0,700.0,100.0,900.0,9.0,16,1024.0,600.0,306300.0,310400.0,17222540000.0,2.5,134.0,161.0,409.0,486.0,334.0,441.0,602.0,10085.0,188495.6,192591.6,8902239613.7,4.029,1000.0,500.0,500.0,100.0,40000.0,1275.0,1420.0,200000.0,35.0,70.0,1.2,1.8,0.25,0.5
三谷セキサン,BF.S123,頭部厚型節付き杭,800-7090,123.0,B2,800.0,150.0,700.0,100.0,900.0,10.0,26,2041.0,600.0,306300.0,314500.0,17405600000.0,5.1,277.0,332.0,526.0,927.0,435.0,558.0,736.0,9403.0,188495.6,196659.6,9085299613.7,8.156,1000.0,500.0,500.0,100.0,40000.0,1275.0,1420.0,200000.0,35.0,70.0,1.2,1.8,0.25,0.5
三谷セキサン,BF.S123,頭部厚型節付き杭,800-7090,123.0,C2,800.0,150.0,700.0,100.0,900.0,11.2,26,2600.0,600.0,306300.0,316700.0,17506220000.0,6.4,351.0,422.0,587.0,1160.0,479.0,610.0,796.0,9046.0,188495.6,198895.6,9185919613.7,10.191,1000.0,500.0,500.0,100.0,40000.0,1275.0,1420.0,200000.0,35.0,70.0,1.2,1.8,0.25,0.5
三谷セキサン,BF.S123,頭部厚型節付き杭,900-80100,123.0,A2,900.0,160.0,800.0,110.0,1000.0,9.0,20,1280.0,690.0,372000.0,377100.0,26955940000.0,2.6,195.0,234.0,575.0,684.0,409.0,539.0,735.0,12215.0,238446.9,243566.9,14855924998.9,4.025,1000.0,500.0,500.0,100.0,40000.0,1275.0,1420.0,200000.0,35.0,70.0,1.2,1.8,0.25,0.5
三谷セキサン,BF.S123,頭部厚型節付き杭,900-80100,123.0,B2,900.0,160.0,800.0,110.0,1000.0,10.0,32,2512.0,690.0,372000.0,382000.0,27249220000.0,5.3,400.0,481.0,744.0,1288.0,535.0,685.0,901.0,11346.0,238446.9,248494.9,15149202598.9,8.147,1000.0,500.0,500.0,100.0,40000.0,1275.0,1420.0,200000.0,35.0,70.0,1.2,1.8,0.25,0.5
三谷セキサン,BF.S123,頭部厚型節付き杭,900-80100,123.0,C2,900.0,160.0,800.0,110.0,1000.0,11.2,32,3200.0,690.0,372000.0,384800.0,27413000000.0,6.7,508.0,609.0,833.0,1613.0,589.0,748.0,975.0,10899.0,238446.9,251246.9,15312980998.9,10.261,1000.0,500.0,500.0,100.0,40000.0,1275.0,1420.0,200000.0,35.0,70.0,1.2,1.8,0.25,0.5
三谷セキサン,BF.S123,頭部厚型節付き杭,1000-90110,123.0,A2,1000.0,170.0,900.0,120.0,1100.0,9.0,24,1536.0,790.0,443300.0,449400.0,40252460000.0,2.7,271.0,325.0,780.0,915.0,492.0,647.0,881.0,14518.0,294053.1,300197.1,23371340484.5,4.042,1000.0,500.0,500.0,100.0,40000.0,1275.0,1420.0,200000.0,35.0,70.0,1.2,1.8,0.25,0.5
三谷セキサン,BF.S123,頭部厚型節付き杭,1000-90110,123.0,B2,1000.0,170.0,900.0,120.0,1100.0,10.0,38,2983.0,790.0,443300.0,455200.0,40704000000.0,5.5,555.0,667.0,1014.0,1708.0,644.0,823.0,1082.0,13445.0,294053.1,305985.1,23822876834.5,8.182,1000.0,500.0,500.0,100.0,40000.0,1275.0,1420.0,200000.0,35.0,70.0,1.2,1.8,0.25,0.5
三谷セキサン,BF.S123,頭部厚型節付き杭,1000-90110,123.0,C2,1000.0,170.0,900.0,120.0,1100.0,11.2,38,3800.0,790.0,443300.0,458500.0,40958940000.0,6.9,704.0,845.0,1137.0,2140.0,709.0,900.0,1172.0,12892.0,294053.1,309253.1,24077821684.5,10.23,1000.0,500.0,500.0,100.0,40000.0,1275.0,1420.0,200000.0,35.0,70.0,1.2,1.8,0.25,0.5
三谷セキサン,BF.S123,頭部厚型節付き杭,1100-100120,123.0,A2,1100.0,180.0,1000.0,130.0,1200.0,9.0,30,1920.0,890.0,520200.0,527900.0,57909580000.0,2.8,365.0,438.0,1029.0,1256.0,582.0,765.0,1039.0,17012.0,355314.1,362994.1,35128175139.2,4.072,1000.0,500.0,500.0,100.0,40000.0,1275.0,1420.0,200000.0,35.0,70.0,1.2,1.8,0.25,0.5
三谷セキサン,BF.S123,頭部厚型節付き杭,1100-100120,123.0,B2,1100.0,180.0,1000.0,130.0,1200.0,10.0,46,3611.0,890.0,520200.0,534700.0,58579300000.0,5.6,747.0,897.0,1343.0,2278.0,762.0,974.0,1279.0,15711.0,355314.1,369758.1,35797895689.2,8.098,1000.0,500.0,500.0,100.0,40000.0,1275.0,1420.0,200000.0,35.0,70.0,1.2,1.8,0.25,0.5
三谷セキサン,BF.S123,頭部厚型節付き杭,1100-100120,123.0,C2,1100.0,180.0,1000.0,130.0,1200.0,11.2,46,4600.0,890.0,520200.0,538600.0,58971000000.0,7.1,947.0,1136.0,1508.0,2855.0,840.0,1065.0,1385.0,15043.0,355314.1,373714.1,36189589139.2,10.233,1000.0,500.0,500.0,100.0,40000.0,1275.0,1420.0,200000.0,35.0,70.0,1.2,1.8,0.25,0.5
三谷セキサン,BF.S123,頭部厚型節付き杭,1200-110130,123.0,A2,1200.0,190.0,1100.0,140.0,1300.0,11.2,22,2200.0,980.0,602900.0,611700.0,80650500000.0,2.8,477.0,572.0,1322.0,1576.0,679.0,891.0,1209.0,19672.0,422230.1,431030.1,50731805693.4,3.974,1000.0,500.0,500.0,100.0,40000.0,1275.0,1420.0,200000.0,35.0,70.0,1.2,1.8,0.25,0.5
三谷セキサン,BF.S123,頭部厚型節付き杭,1200-110130,123.0,B2,1200.0,190.0,1100.0,140.0,1300.0,11.2,44,4400.0,980.0,602900.0,620500.0,81706940000.0,5.8,979.0,1175.0,1736.0,3024.0,891.0,1137.0,1491.0,18147.0,422230.1,439830.1,51788245693.4,8.182,1000.0,500.0,500.0,100.0,40000.0,1275.0,1420.0,200000.0,35.0,70.0,1.2,1.8,0.25,0.5
三谷セキサン,BF.S123,頭部厚型節付き杭,1200-110130,123.0,C2,1200.0,190.0,1100.0,140.0,1300.0,12.6,44,5500.0,980.0,602900.0,624900.0,82235160000.0,7.2,1239.0,1487.0,1951.0,3726.0,981.0,1244.0,1616.0,17348.0,422230.1,444230.1,52316465693.4,10.128,1000.0,500.0,500.0,100.0,40000.0,1275.0,1420.0,200000.0,35.0,70.0,1.2,1.8,0.25,0.5
