No.,標準特厚,種,typ,杭種,D,t,Fc,fc_,fbc,sigma_e,Ec,ap,dp,ftp,sigma_pu,Ep,has_reinf,nr,r_designation,ag,dr,ftr,Er,ts,fts,Es,ps_sigma_y,PcDesignation,PcCount,LengthRange,CatalogAo,CatalogAe,CatalogIe,CatalogMcr,CatalogMal,CatalogMas,CatalogMu,CatalogNal,RefQal,RefQ50Short,RefQ50Ultimate,RefQ80Short,RefQ80Ultimate,RefShearNote,Sh50,Sh80,AsNote
3001,標準型,A-D13,DAM105-300-標準型-A-D13,PRC,300,60,105,60,2.15,4.3,40000,384,241,1275,1420,200000,true,6,D13,760,236,345,200000,0,0,0,0,9.0,6,4～13,45200,49800,378310000,27.0,16.0,53.0,87.0,1280.0,66.0,156.0,234.0,,,シアスパン比a=1.0の参考値。設計値は別途計算式による,5.5@75,－@－,
3002,標準型,A-D16,DAM105-300-標準型-A-D16,PRC,300,60,105,60,2.10,4.2,40000,384,241,1275,1420,200000,true,6,D16,1192,233,345,200000,0,0,0,0,9.0,6,4～13,45200,51500,389480000,28.0,16.0,63.0,102.0,1332.0,67.0,165.0,248.0,,,シアスパン比a=1.0の参考値。設計値は別途計算式による,5.5@75,－@－,
3003,標準型,A-D13,DAM105-350-標準型-A-D13,PRC,350,60,105,60,2.15,4.3,40000,448,290,1275,1420,200000,true,7,D13,887,286,345,200000,0,0,0,0,9.0,7,4～15,54700,60000,654360000,40.0,23.0,75.0,123.0,1544.0,79.0,191.0,286.0,,,シアスパン比a=1.0の参考値。設計値は別途計算式による,5.5@60,－@－,
3004,標準型,A-D16,DAM105-350-標準型-A-D16,PRC,350,60,105,60,2.05,4.1,40000,448,290,1275,1420,200000,true,7,D16,1390,283,345,200000,0,0,0,0,9.0,7,4～15,54700,62000,673750000,41.0,24.0,89.0,144.0,1604.0,80.0,201.0,302.0,,,シアスパン比a=1.0の参考値。設計値は別途計算式による,5.5@60,－@－,
3005,標準型,A-D13,DAM105-400-標準型-A-D13,PRC,400,65,105,60,2.20,4.4,40000,448,335,1275,1420,200000,true,7,D13,887,331,345,200000,0,0,0,0,9.0,7,4～15,68400,73700,1069480000,58.0,34.0,97.0,145.0,1890.0,97.0,226.0,339.0,,,シアスパン比a=1.0の参考値。設計値は別途計算式による,5.5@55,－@－,
3006,標準型,A-D16,DAM105-400-標準型-A-D16,PRC,400,65,105,60,2.15,4.3,40000,448,335,1275,1420,200000,true,7,D16,1390,328,345,200000,0,0,0,0,9.0,7,4～15,68400,75800,1095680000,59.0,34.0,114.0,171.0,1950.0,99.0,238.0,358.0,,,シアスパン比a=1.0の参考値。設計値は別途計算式による,5.5@55,－@－,
3007,標準型,A-D19,DAM105-400-標準型-A-D19,PRC,400,65,105,60,2.05,4.1,40000,448,335,1275,1420,200000,true,7,D19,2006,325,345,200000,0,0,0,0,9.0,7,4～15,68400,78200,1126810000,60.0,35.0,134.0,201.0,2024.0,100.0,250.0,375.0,,,シアスパン比a=1.0の参考値。設計値は別途計算式による,5.5@55,－@－,
3008,厚型,A-D13,DAM105-400-厚型-A-D13,PRC,400,80,105,60,2.15,4.3,40000,448,335,1275,1420,200000,true,7,D13,887,331,345,200000,0,0,0,0,9.0,7,4～15,80400,85800,1167490000,63.0,37.0,103.0,145.0,2202.0,115.0,239.0,358.0,,,シアスパン比a=1.0の参考値。設計値は別途計算式による,5.5@55,－@－,
3009,厚型,A-D16,DAM105-400-厚型-A-D16,PRC,400,80,105,60,2.10,4.2,40000,448,335,1275,1420,200000,true,7,D16,1390,328,345,200000,0,0,0,0,9.0,7,4～15,80400,87800,1193690000,64.0,37.0,119.0,171.0,2263.0,117.0,252.0,378.0,,,シアスパン比a=1.0の参考値。設計値は別途計算式による,5.5@55,－@－,誤植: カタログ印字 As=13.39cm2 (正 7-D16=13.90cm2)
3010,厚型,A-D19,DAM105-400-厚型-A-D19,PRC,400,80,105,60,2.05,4.1,40000,448,335,1275,1420,200000,true,7,D19,2006,325,345,200000,0,0,0,0,9.0,7,4～15,80400,90200,1224820000,65.0,37.0,139.0,201.0,2336.0,118.0,265.0,397.0,,,シアスパン比a=1.0の参考値。設計値は別途計算式による,5.5@55,－@－,
3011,厚型,A-D22,DAM105-400-厚型-A-D22,PRC,400,80,105,60,2.00,4.0,40000,448,335,1275,1420,200000,true,7,D22,2710,322,345,200000,0,0,0,0,9.0,7,4～15,80400,93100,1259390000,66.0,38.0,161.0,234.0,2420.0,120.0,276.0,415.0,,,シアスパン比a=1.0の参考値。設計値は別途計算式による,5.5@55,－@－,
3012,特厚型,A-D13,DAM105-400-特厚型-A-D13,PRC,400,95,105,60,2.00,4.0,40000,448,332,1275,1420,200000,true,7,D13,887,333,345,200000,0,0,0,0,9.0,7,4～15,91000,96400,1234890000,65.0,37.0,104.0,145.0,2506.0,128.0,245.0,367.0,,,シアスパン比a=1.0の参考値。設計値は別途計算式による,5.5@55,－@－,
3013,特厚型,A-D16,DAM105-400-特厚型-A-D16,PRC,400,95,105,60,2.10,4.2,40000,550,332,1275,1420,200000,true,7,D16,1390,330,345,200000,0,0,0,0,10.0,7,4～15,91000,98800,1267240000,68.0,39.0,128.0,189.0,2548.0,134.0,259.0,389.0,,,シアスパン比a=1.0の参考値。設計値は別途計算式による,5.5@55,－@－,
3014,特厚型,A-D19,DAM105-400-特厚型-A-D19,PRC,400,95,105,60,2.05,4.1,40000,550,332,1275,1420,200000,true,7,D19,2006,327,345,200000,0,0,0,0,10.0,7,4～15,91000,101200,1298570000,69.0,40.0,147.0,218.0,2621.0,136.0,273.0,409.0,,,シアスパン比a=1.0の参考値。設計値は別途計算式による,5.5@55,－@－,
3015,特厚型,A-D22,DAM105-400-特厚型-A-D22,PRC,400,95,105,60,2.00,4.0,40000,550,332,1275,1420,200000,true,7,D22,2710,324,345,200000,0,0,0,0,10.0,7,4～15,91000,104000,1333350000,70.0,40.0,169.0,250.0,2705.0,138.0,285.0,428.0,,,シアスパン比a=1.0の参考値。設計値は別途計算式による,5.5@55,－@－,
3016,標準型,A-D13,DAM105-450-標準型-A-D13,PRC,450,70,105,60,2.25,4.5,40000,720,380,1275,1420,200000,true,8,D13,1014,378,345,200000,0,0,0,0,10.7,8,4～15,83600,90500,1683830000,82.0,49.0,140.0,232.0,2308.0,121.0,284.0,426.0,,,シアスパン比a=1.0の参考値。設計値は別途計算式による,6.5@65,－@－,
3017,標準型,A-D16,DAM105-450-標準型-A-D16,PRC,450,70,105,60,2.20,4.4,40000,720,380,1275,1420,200000,true,8,D16,1589,375,345,200000,0,0,0,0,10.7,8,4～15,83600,92800,1723070000,83.0,49.0,162.0,265.0,2376.0,122.0,298.0,447.0,,,シアスパン比a=1.0の参考値。設計値は別途計算式による,6.5@65,－@－,
3018,標準型,A-D19,DAM105-450-標準型-A-D19,PRC,450,70,105,60,2.15,4.3,40000,720,380,1275,1420,200000,true,8,D19,2292,372,345,200000,0,0,0,0,10.7,8,4～15,83600,95600,1769870000,85.0,49.0,188.0,303.0,2460.0,124.0,311.0,467.0,,,シアスパン比a=1.0の参考値。設計値は別途計算式による,6.5@65,－@－,
3019,標準型,A-D22,DAM105-450-標準型-A-D22,PRC,450,70,105,60,2.05,4.1,40000,720,380,1275,1420,200000,true,8,D22,3097,369,345,200000,0,0,0,0,10.7,8,4～15,83600,98800,1822020000,86.0,50.0,217.0,345.0,2556.0,126.0,324.0,485.0,,,シアスパン比a=1.0の参考値。設計値は別途計算式による,6.5@65,－@－,
3020,厚型,A-D13,DAM105-450-厚型-A-D13,PRC,450,85,105,60,2.20,4.4,40000,720,380,1275,1420,200000,true,8,D13,1014,378,345,200000,0,0,0,0,10.7,8,4～15,97500,104400,1835450000,89.0,52.0,148.0,233.0,2669.0,141.0,300.0,449.0,,,シアスパン比a=1.0の参考値。設計値は別途計算式による,6.5@65,－@－,
3021,厚型,A-D16,DAM105-450-厚型-A-D16,PRC,450,85,105,60,2.15,4.3,40000,720,380,1275,1420,200000,true,8,D16,1589,375,345,200000,0,0,0,0,10.7,8,4～15,97500,106700,1874680000,90.0,53.0,169.0,265.0,2738.0,143.0,314.0,471.0,,,シアスパン比a=1.0の参考値。設計値は別途計算式による,6.5@65,－@－,
3022,厚型,A-D19,DAM105-450-厚型-A-D19,PRC,450,85,105,60,2.10,4.2,40000,720,380,1275,1420,200000,true,8,D19,2292,372,345,200000,0,0,0,0,10.7,8,4～15,97500,109500,1921480000,92.0,53.0,195.0,303.0,2822.0,145.0,329.0,493.0,,,シアスパン比a=1.0の参考値。設計値は別途計算式による,6.5@65,－@－,
3023,厚型,A-D22,DAM105-450-厚型-A-D22,PRC,450,85,105,60,2.05,4.1,40000,720,380,1275,1420,200000,true,8,D22,3097,369,345,200000,0,0,0,0,10.7,8,4～15,97500,112800,1973640000,93.0,54.0,224.0,345.0,2918.0,147.0,342.0,513.0,,,シアスパン比a=1.0の参考値。設計値は別途計算式による,6.5@65,－@－,
3024,厚型,A-D25,DAM105-450-厚型-A-D25,PRC,450,85,105,60,2.00,4.0,40000,720,380,1275,1420,200000,true,8,D25,4054,366,345,200000,0,0,0,0,10.7,8,4～15,97500,116600,2034210000,95.0,54.0,257.0,393.0,3032.0,150.0,355.0,533.0,,,シアスパン比a=1.0の参考値。設計値は別途計算式による,6.5@65,－@－,
3025,特厚型,A-D13,DAM105-450-特厚型-A-D13,PRC,450,100,105,60,2.20,4.4,40000,720,380,1275,1420,200000,true,8,D13,1014,378,345,200000,0,0,0,0,10.7,8,4～15,110000,116900,1945420000,94.0,55.0,154.0,234.0,2994.0,160.0,309.0,464.0,,,シアスパン比a=1.0の参考値。設計値は別途計算式による,6.5@65,－@－,
3026,特厚型,A-D16,DAM105-450-特厚型-A-D16,PRC,450,100,105,60,2.15,4.3,40000,720,380,1275,1420,200000,true,8,D16,1589,375,345,200000,0,0,0,0,10.7,8,4～15,110000,119200,1984650000,95.0,56.0,175.0,265.0,3062.0,162.0,325.0,487.0,,,シアスパン比a=1.0の参考値。設計値は別途計算式による,6.5@65,－@－,
3027,特厚型,A-D19,DAM105-450-特厚型-A-D19,PRC,450,100,105,60,2.10,4.2,40000,720,380,1275,1420,200000,true,8,D19,2292,372,345,200000,0,0,0,0,10.7,8,4～15,110000,122000,2031450000,97.0,56.0,201.0,303.0,3146.0,165.0,340.0,509.0,,,シアスパン比a=1.0の参考値。設計値は別途計算式による,6.5@65,－@－,
3028,特厚型,A-D22,DAM105-450-特厚型-A-D22,PRC,450,100,105,60,2.05,4.1,40000,720,380,1275,1420,200000,true,8,D22,3097,369,345,200000,0,0,0,0,10.7,8,4～15,110000,125400,2083610000,98.0,57.0,230.0,345.0,3242.0,167.0,354.0,531.0,,,シアスパン比a=1.0の参考値。設計値は別途計算式による,6.5@65,－@－,
3029,特厚型,A-D25,DAM105-450-特厚型-A-D25,PRC,450,100,105,60,2.00,4.0,40000,720,380,1275,1420,200000,true,8,D25,4054,366,345,200000,0,0,0,0,10.7,8,4～15,110000,129100,2144180000,100.0,57.0,263.0,393.0,3357.0,170.0,368.0,552.0,,,シアスパン比a=1.0の参考値。設計値は別途計算式による,6.5@65,－@－,
3030,標準型,A-D13,DAM105-500-標準型-A-D13,PRC,500,80,105,60,2.25,4.5,40000,900,420,1275,1420,200000,true,10,D13,1267,418,345,200000,0,0,0,0,10.7,10,4～15,105600,114200,2601890000,114.0,68.0,195.0,322.0,2913.0,152.0,353.0,529.0,,,シアスパン比a=1.0の参考値。設計値は別途計算式による,6.5@60,－@－,
3031,標準型,A-D16,DAM105-500-標準型-A-D16,PRC,500,80,105,60,2.20,4.4,40000,900,420,1275,1420,200000,true,10,D16,1986,415,345,200000,0,0,0,0,10.7,10,4～15,105600,117100,2662130000,116.0,68.0,225.0,367.0,2999.0,155.0,370.0,554.0,,,シアスパン比a=1.0の参考値。設計値は別途計算式による,6.5@60,－@－,
3032,標準型,A-D19,DAM105-500-標準型-A-D19,PRC,500,80,105,60,2.15,4.3,40000,900,420,1275,1420,200000,true,10,D19,2865,412,345,200000,0,0,0,0,10.7,10,4～15,105600,120600,2734170000,118.0,69.0,261.0,419.0,3104.0,157.0,386.0,579.0,,,シアスパン比a=1.0の参考値。設計値は別途計算式による,6.5@60,－@－,
3033,標準型,A-D22,DAM105-500-標準型-A-D22,PRC,500,80,105,60,2.05,4.1,40000,900,420,1275,1420,200000,true,10,D22,3871,409,345,200000,0,0,0,0,10.7,10,4～15,105600,124600,2814660000,120.0,69.0,301.0,477.0,3224.0,160.0,402.0,603.0,,,シアスパン比a=1.0の参考値。設計値は別途計算式による,6.5@60,－@－,
3034,標準型,A-D25,DAM105-500-標準型-A-D25,PRC,500,80,105,60,2.00,4.0,40000,900,420,1275,1420,200000,true,10,D25,5067,406,345,200000,0,0,0,0,10.7,10,4～15,105600,129400,2908360000,122.0,70.0,347.0,544.0,3367.0,163.0,417.0,626.0,,,シアスパン比a=1.0の参考値。設計値は別途計算式による,6.5@60,－@－,
3035,厚型,A-D13,DAM105-500-厚型-A-D13,PRC,500,100,105,60,2.20,4.4,40000,900,420,1275,1420,200000,true,10,D13,1267,418,345,200000,0,0,0,0,10.7,10,4～15,125700,134300,2860260000,125.0,74.0,207.0,323.0,3436.0,182.0,374.0,560.0,,,シアスパン比a=1.0の参考値。設計値は別途計算式による,6.5@60,－@－,
3036,厚型,A-D16,DAM105-500-厚型-A-D16,PRC,500,100,105,60,2.15,4.3,40000,900,420,1275,1420,200000,true,10,D16,1986,415,345,200000,0,0,0,0,10.7,10,4～15,125700,137200,2920500000,127.0,74.0,237.0,367.0,3521.0,184.0,392.0,588.0,,,シアスパン比a=1.0の参考値。設計値は別途計算式による,6.5@60,－@－,
3037,厚型,A-D19,DAM105-500-厚型-A-D19,PRC,500,100,105,60,2.10,4.2,40000,900,420,1275,1420,200000,true,10,D19,2865,412,345,200000,0,0,0,0,10.7,10,4～15,125700,140800,2992530000,128.0,75.0,272.0,420.0,3626.0,187.0,410.0,615.0,,,シアスパン比a=1.0の参考値。設計値は別途計算式による,6.5@60,－@－,
3038,厚型,A-D22,DAM105-500-厚型-A-D22,PRC,500,100,105,60,2.05,4.1,40000,900,420,1275,1420,200000,true,10,D22,3871,409,345,200000,0,0,0,0,10.7,10,4～15,125700,144800,3073020000,130.0,75.0,312.0,478.0,3747.0,190.0,427.0,640.0,,,シアスパン比a=1.0の参考値。設計値は別途計算式による,6.5@60,－@－,
3039,厚型,A-D25,DAM105-500-厚型-A-D25,PRC,500,100,105,60,2.00,4.0,40000,900,420,1275,1420,200000,true,10,D25,5067,406,345,200000,0,0,0,0,10.7,10,4～15,125700,149600,3166720000,133.0,76.0,358.0,545.0,3890.0,194.0,444.0,666.0,,,シアスパン比a=1.0の参考値。設計値は別途計算式による,6.5@60,－@－,
3040,特厚型,A-D13,DAM105-500-特厚型-A-D13,PRC,500,120,105,60,2.20,4.4,40000,900,420,1275,1420,200000,true,10,D13,1267,418,345,200000,0,0,0,0,10.7,10,4～15,143300,151900,3033550000,132.0,77.0,217.0,324.0,3893.0,210.0,385.0,577.0,,,シアスパン比a=1.0の参考値。設計値は別途計算式による,6.5@60,－@－,
3041,特厚型,A-D16,DAM105-500-特厚型-A-D16,PRC,500,120,105,60,2.15,4.3,40000,900,420,1275,1420,200000,true,10,D16,1986,415,345,200000,0,0,0,0,10.7,10,4～15,143300,154800,3093790000,134.0,78.0,246.0,368.0,3978.0,213.0,404.0,606.0,,,シアスパン比a=1.0の参考値。設計値は別途計算式による,6.5@60,－@－,
3042,特厚型,A-D19,DAM105-500-特厚型-A-D19,PRC,500,120,105,60,2.10,4.2,40000,900,420,1275,1420,200000,true,10,D19,2865,412,345,200000,0,0,0,0,10.7,10,4～15,143300,158400,3165820000,136.0,79.0,281.0,420.0,4084.0,216.0,423.0,634.0,,,シアスパン比a=1.0の参考値。設計値は別途計算式による,6.5@60,－@－,
3043,特厚型,A-D22,DAM105-500-特厚型-A-D22,PRC,500,120,105,60,2.05,4.1,40000,900,420,1275,1420,200000,true,10,D22,3871,409,345,200000,0,0,0,0,10.7,10,4～15,143300,162400,3246310000,138.0,79.0,321.0,478.0,4204.0,220.0,441.0,661.0,,,シアスパン比a=1.0の参考値。設計値は別途計算式による,6.5@60,－@－,
3044,特厚型,A-D25,DAM105-500-特厚型-A-D25,PRC,500,120,105,60,2.00,4.0,40000,900,420,1275,1420,200000,true,10,D25,5067,406,345,200000,0,0,0,0,10.7,10,4～15,143300,167200,3340010000,140.0,80.0,367.0,545.0,4347.0,223.0,458.0,687.0,,,シアスパン比a=1.0の参考値。設計値は別途計算式による,6.5@60,－@－,
3045,標準型,A-D13,DAM105-600-標準型-A-D13,PRC,600,90,105,60,2.35,4.7,40000,1170,510,1275,1420,200000,true,13,D13,1647,508,345,200000,0,0,0,0,10.7,13,4～15,144200,155500,5198700000,193.0,115.0,319.0,508.0,3940.0,210.0,490.0,736.0,,,シアスパン比a=1.0の参考値。設計値は別途計算式による,6.5@50,－@－,
3046,標準型,A-D16,DAM105-600-標準型-A-D16,PRC,600,90,105,60,2.30,4.6,40000,1170,510,1275,1420,200000,true,13,D16,2582,505,345,200000,0,0,0,0,10.7,13,4～15,144200,159200,5315250000,196.0,116.0,367.0,582.0,4051.0,213.0,514.0,770.0,,,シアスパン比a=1.0の参考値。設計値は別途計算式による,6.5@50,－@－,
3047,標準型,A-D19,DAM105-600-標準型-A-D19,PRC,600,90,105,60,2.20,4.4,40000,1170,510,1275,1420,200000,true,13,D19,3725,502,345,200000,0,0,0,0,10.7,13,4～15,144200,163800,5455160000,199.0,117.0,423.0,666.0,4188.0,216.0,536.0,805.0,,,シアスパン比a=1.0の参考値。設計値は別途計算式による,6.5@50,－@－,
3048,標準型,A-D22,DAM105-600-標準型-A-D22,PRC,600,90,105,60,2.15,4.3,40000,1170,510,1275,1420,200000,true,13,D22,5032,499,345,200000,0,0,0,0,10.7,13,4～15,144200,169000,5612200000,202.0,118.0,487.0,760.0,4344.0,219.0,558.0,837.0,,,シアスパン比a=1.0の参考値。設計値は別途計算式による,6.5@50,－@－,
3049,標準型,A-D25,DAM105-600-標準型-A-D25,PRC,600,90,105,60,2.10,4.2,40000,1170,510,1275,1420,200000,true,13,D25,6587,496,345,200000,0,0,0,0,10.7,13,4～15,144200,175200,5795710000,206.0,119.0,560.0,867.0,4530.0,224.0,579.0,869.0,,,シアスパン比a=1.0の参考値。設計値は別途計算式による,6.5@50,－@－,
3050,標準型,A-D29,DAM105-600-標準型-A-D29,PRC,600,90,105,60,2.00,4.0,40000,1170,510,1275,1420,200000,true,13,D29,8351,492,345,200000,0,0,0,0,10.7,13,4～15,144200,182300,5995950000,210.0,120.0,642.0,983.0,4740.0,228.0,599.0,899.0,,,シアスパン比a=1.0の参考値。設計値は別途計算式による,6.5@50,－@－,
3051,厚型,A-D13,DAM105-600-厚型-A-D13,PRC,600,110,105,60,2.30,4.6,40000,1170,510,1275,1420,200000,true,13,D13,1647,508,345,200000,0,0,0,0,10.7,13,4～15,169300,180600,5702610000,210.0,125.0,337.0,510.0,4595.0,246.0,519.0,779.0,,,シアスパン比a=1.0の参考値。設計値は別途計算式による,6.5@50,－@－,
3052,厚型,A-D16,DAM105-600-厚型-A-D16,PRC,600,110,105,60,2.25,4.5,40000,1170,510,1275,1420,200000,true,13,D16,2582,505,345,200000,0,0,0,0,10.7,13,4～15,169300,184300,5819160000,213.0,125.0,384.0,583.0,4706.0,249.0,544.0,816.0,,,シアスパン比a=1.0の参考値。設計値は別途計算式による,6.5@50,－@－,
3053,厚型,A-D19,DAM105-600-厚型-A-D19,PRC,600,110,105,60,2.20,4.4,40000,1170,510,1275,1420,200000,true,13,D19,3725,502,345,200000,0,0,0,0,10.7,13,4～15,169300,188900,5959070000,216.0,126.0,441.0,667.0,4843.0,252.0,569.0,853.0,,,シアスパン比a=1.0の参考値。設計値は別途計算式による,6.5@50,－@－,
3054,厚型,A-D22,DAM105-600-厚型-A-D22,PRC,600,110,105,60,2.15,4.3,40000,1170,510,1275,1420,200000,true,13,D22,5032,499,345,200000,0,0,0,0,10.7,13,4～15,169300,194100,6116110000,219.0,127.0,504.0,760.0,4999.0,256.0,592.0,888.0,,,シアスパン比a=1.0の参考値。設計値は別途計算式による,6.5@50,－@－,
3055,厚型,A-D25,DAM105-600-厚型-A-D25,PRC,600,110,105,60,2.05,4.1,40000,1170,510,1275,1420,200000,true,13,D25,6587,496,345,200000,0,0,0,0,10.7,13,4～15,169300,200300,6299620000,223.0,129.0,578.0,868.0,5185.0,261.0,615.0,923.0,,,シアスパン比a=1.0の参考値。設計値は別途計算式による,6.5@50,－@－,
3056,厚型,A-D29,DAM105-600-厚型-A-D29,PRC,600,110,105,60,2.00,4.0,40000,1170,510,1275,1420,200000,true,13,D29,8351,492,345,200000,0,0,0,0,10.7,13,4～15,169300,207400,6499870000,227.0,130.0,659.0,986.0,5396.0,266.0,637.0,956.0,,,シアスパン比a=1.0の参考値。設計値は別途計算式による,6.5@50,－@－,
3057,特厚型,A-D13,DAM105-600-特厚型-A-D13,PRC,600,130,105,60,2.25,4.5,40000,1170,510,1275,1420,200000,true,13,D13,1647,508,345,200000,0,0,0,0,10.7,13,4～15,192000,203200,6070180000,222.0,131.0,353.0,511.0,5183.0,280.0,537.0,806.0,,,シアスパン比a=1.0の参考値。設計値は別途計算式による,6.5@50,－@－,
3058,特厚型,A-D16,DAM105-600-特厚型-A-D16,PRC,600,130,105,60,2.20,4.4,40000,1170,510,1275,1420,200000,true,13,D16,2582,505,345,200000,0,0,0,0,10.7,13,4～15,192000,207000,6186720000,225.0,132.0,399.0,583.0,5295.0,284.0,564.0,846.0,,,シアスパン比a=1.0の参考値。設計値は別途計算式による,6.5@50,－@－,
3059,特厚型,A-D19,DAM105-600-特厚型-A-D19,PRC,600,130,105,60,2.15,4.3,40000,1170,510,1275,1420,200000,true,13,D19,3725,502,345,200000,0,0,0,0,10.7,13,4～15,192000,211600,6326640000,228.0,133.0,455.0,667.0,5431.0,288.0,590.0,885.0,,,シアスパン比a=1.0の参考値。設計値は別途計算式による,6.5@50,－@－,
3060,特厚型,A-D22,DAM105-600-特厚型-A-D22,PRC,600,130,105,60,2.10,4.2,40000,1170,510,1275,1420,200000,true,13,D22,5032,499,345,200000,0,0,0,0,10.7,13,4～15,192000,216800,6483670000,232.0,134.0,518.0,761.0,5588.0,292.0,614.0,922.0,,,シアスパン比a=1.0の参考値。設計値は別途計算式による,6.5@50,－@－,
3061,特厚型,A-D25,DAM105-600-特厚型-A-D25,PRC,600,130,105,60,2.05,4.1,40000,1170,510,1275,1420,200000,true,13,D25,6587,496,345,200000,0,0,0,0,10.7,13,4～15,192000,223000,6667190000,236.0,136.0,592.0,868.0,5773.0,297.0,639.0,958.0,,,シアスパン比a=1.0の参考値。設計値は別途計算式による,6.5@50,－@－,
3062,特厚型,A-D29,DAM105-600-特厚型-A-D29,PRC,600,130,105,60,2.00,4.0,40000,1170,510,1275,1420,200000,true,13,D29,8351,492,345,200000,0,0,0,0,10.7,13,4～15,192000,230100,6867430000,240.0,137.0,673.0,986.0,5984.0,302.0,662.0,993.0,,,シアスパン比a=1.0の参考値。設計値は別途計算式による,6.5@50,－@－,
3063,標準型,A-D13,DAM105-700-標準型-A-D13,PRC,700,100,105,60,2.40,4.8,40000,1440,600,1275,1420,200000,true,16,D13,2027,598,345,200000,0,0,0,0,10.7,16,,188500,202400,9339210000,302.0,182.0,483.0,737.0,5099.0,276.0,655.0,982.0,811.0,1216.0,シアスパン比a=1.0の参考値。設計値は別途計算式による,8.5@70,8.0@50,
3064,標準型,A-D16,DAM105-700-標準型-A-D16,PRC,700,100,105,60,2.35,4.7,40000,1440,600,1275,1420,200000,true,16,D16,3178,595,345,200000,0,0,0,0,10.7,16,,188500,207000,9539020000,305.0,183.0,552.0,845.0,5236.0,279.0,685.0,1027.0,841.0,1261.0,シアスパン比a=1.0の参考値。設計値は別途計算式による,8.5@70,8.0@50,
3065,標準型,A-D19,DAM105-700-標準型-A-D19,PRC,700,100,105,60,2.30,4.6,40000,1440,600,1275,1420,200000,true,16,D19,4584,592,345,200000,0,0,0,0,10.7,16,,188500,212600,9779560000,310.0,184.0,634.0,972.0,5404.0,284.0,714.0,1072.0,871.0,1306.0,シアスパン比a=1.0の参考値。設計値は別途計算式による,8.5@70,8.0@50,
3066,標準型,A-D22,DAM105-700-標準型-A-D22,PRC,700,100,105,60,2.20,4.4,40000,1440,600,1275,1420,200000,true,16,D22,6194,589,345,200000,0,0,0,0,10.7,16,,188500,219000,10050360000,314.0,185.0,726.0,1110.0,5596.0,288.0,742.0,1113.0,899.0,1348.0,シアスパン比a=1.0の参考値。設計値は別途計算式による,8.5@70,8.0@50,
3067,標準型,A-D25,DAM105-700-標準型-A-D25,PRC,700,100,105,60,2.15,4.3,40000,1440,600,1275,1420,200000,true,16,D25,8107,586,345,200000,0,0,0,0,10.7,16,,188500,226700,10367670000,320.0,187.0,833.0,1269.0,5825.0,293.0,770.0,1155.0,926.0,1389.0,シアスパン比a=1.0の参考値。設計値は別途計算式による,8.5@70,8.0@50,
3068,標準型,A-D29,DAM105-700-標準型-A-D29,PRC,700,100,105,60,2.10,4.2,40000,1440,600,1275,1420,200000,true,16,D29,10278,582,345,200000,0,0,0,0,10.7,16,,188500,235400,10716080000,326.0,188.0,952.0,1441.0,6084.0,299.0,796.0,1195.0,953.0,1429.0,シアスパン比a=1.0の参考値。設計値は別途計算式による,8.5@70,8.0@50,
3069,標準型,A-D32,DAM105-700-標準型-A-D32,PRC,700,100,105,60,2.00,4.0,40000,1440,600,1275,1420,200000,true,16,D32,12707,579,345,200000,0,0,0,0,10.7,16,,188500,245100,11104890000,333.0,190.0,1083.0,1628.0,6375.0,305.0,822.0,1233.0,978.0,1467.0,シアスパン比a=1.0の参考値。設計値は別途計算式による,8.5@70,8.0@50,
3070,厚型,A-D13,DAM105-700-厚型-A-D13,PRC,700,120,105,60,2.35,4.7,40000,1440,600,1275,1420,200000,true,16,D13,2027,598,345,200000,0,0,0,0,10.7,16,4～15,218700,232500,10209310000,327.0,195.0,509.0,738.0,5884.0,318.0,691.0,1036.0,845.0,1267.0,シアスパン比a=1.0の参考値。設計値は別途計算式による,8.5@70,8.0@50,
3071,厚型,A-D16,DAM105-700-厚型-A-D16,PRC,700,120,105,60,2.30,4.6,40000,1440,600,1275,1420,200000,true,16,D16,3178,595,345,200000,0,0,0,0,10.7,16,4～15,218700,237200,10409110000,330.0,196.0,577.0,846.0,6021.0,322.0,723.0,1085.0,877.0,1316.0,シアスパン比a=1.0の参考値。設計値は別途計算式による,8.5@70,8.0@50,
3072,厚型,A-D19,DAM105-700-厚型-A-D19,PRC,700,120,105,60,2.25,4.5,40000,1440,600,1275,1420,200000,true,16,D19,4584,592,345,200000,0,0,0,0,10.7,16,4～15,218700,242800,10649650000,335.0,198.0,659.0,973.0,6189.0,327.0,755.0,1133.0,909.0,1364.0,シアスパン比a=1.0の参考値。設計値は別途計算式による,8.5@70,8.0@50,
3073,厚型,A-D22,DAM105-700-厚型-A-D22,PRC,700,120,105,60,2.20,4.4,40000,1440,600,1275,1420,200000,true,16,D22,6194,589,345,200000,0,0,0,0,10.7,16,4～15,218700,249200,10920450000,340.0,199.0,751.0,1111.0,6382.0,332.0,786.0,1178.0,939.0,1409.0,シアスパン比a=1.0の参考値。設計値は別途計算式による,8.5@70,8.0@50,
3074,厚型,A-D25,DAM105-700-厚型-A-D25,PRC,700,120,105,60,2.15,4.3,40000,1440,600,1275,1420,200000,true,16,D25,8107,586,345,200000,0,0,0,0,10.7,16,4～15,218700,256900,11237770000,346.0,201.0,858.0,1270.0,6610.0,337.0,816.0,1223.0,969.0,1454.0,シアスパン比a=1.0の参考値。設計値は別途計算式による,8.5@70,8.0@50,
3075,厚型,A-D29,DAM105-700-厚型-A-D29,PRC,700,120,105,60,2.05,4.1,40000,1440,600,1275,1420,200000,true,16,D29,10278,582,345,200000,0,0,0,0,10.7,16,4～15,218700,265600,11586180000,352.0,203.0,977.0,1444.0,6870.0,343.0,844.0,1266.0,998.0,1497.0,シアスパン比a=1.0の参考値。設計値は別途計算式による,8.5@70,8.0@50,
3076,厚型,A-D32,DAM105-700-厚型-A-D32,PRC,700,120,105,60,2.00,4.0,40000,1440,600,1275,1420,200000,true,16,D32,12707,579,345,200000,0,0,0,0,10.7,16,4～15,218700,275300,11974980000,359.0,205.0,1108.0,1634.0,7160.0,350.0,872.0,1307.0,1025.0,1538.0,シアスパン比a=1.0の参考値。設計値は別途計算式による,8.5@70,8.0@50,
3077,特厚型,A-D13,DAM105-700-特厚型-A-D13,PRC,700,140,105,60,2.30,4.6,40000,1440,600,1275,1420,200000,true,16,D13,2027,598,345,200000,0,0,0,0,10.7,16,4～15,246300,260200,10879720000,346.0,206.0,531.0,740.0,6603.0,359.0,716.0,1074.0,868.0,1302.0,シアスパン比a=1.0の参考値。設計値は別途計算式による,8.5@70,8.0@50,
3078,特厚型,A-D16,DAM105-700-特厚型-A-D16,PRC,700,140,105,60,2.25,4.5,40000,1440,600,1275,1420,200000,true,16,D16,3178,595,345,200000,0,0,0,0,10.7,16,4～15,246300,264800,11079530000,350.0,207.0,599.0,847.0,6740.0,363.0,751.0,1126.0,902.0,1353.0,シアスパン比a=1.0の参考値。設計値は別途計算式による,8.5@70,8.0@50,
3079,特厚型,A-D19,DAM105-700-特厚型-A-D19,PRC,700,140,105,60,2.25,4.5,40000,1440,600,1275,1420,200000,true,16,D19,4584,592,345,200000,0,0,0,0,10.7,16,4～15,246300,270400,11320070000,354.0,209.0,681.0,973.0,6908.0,368.0,785.0,1177.0,936.0,1404.0,シアスパン比a=1.0の参考値。設計値は別途計算式による,8.5@70,8.0@50,
3080,特厚型,A-D22,DAM105-700-特厚型-A-D22,PRC,700,140,105,60,2.20,4.4,40000,1440,600,1275,1420,200000,true,16,D22,6194,589,345,200000,0,0,0,0,10.7,16,4～15,246300,276800,11590870000,359.0,210.0,772.0,1111.0,7101.0,374.0,817.0,1225.0,968.0,1452.0,シアスパン比a=1.0の参考値。設計値は別途計算式による,8.5@70,8.0@50,
3081,特厚型,A-D25,DAM105-700-特厚型-A-D25,PRC,700,140,105,60,2.10,4.2,40000,1440,600,1275,1420,200000,true,16,D25,8107,586,345,200000,0,0,0,0,10.7,16,4～15,246300,284500,11908180000,365.0,212.0,879.0,1270.0,7329.0,380.0,848.0,1272.0,1000.0,1499.0,シアスパン比a=1.0の参考値。設計値は別途計算式による,8.5@70,8.0@50,
3082,特厚型,A-D29,DAM105-700-特厚型-A-D29,PRC,700,140,105,60,2.05,4.1,40000,1440,600,1275,1420,200000,true,16,D29,10278,582,345,200000,0,0,0,0,10.7,16,4～15,246300,293200,12256590000,372.0,214.0,998.0,1444.0,7589.0,387.0,878.0,1318.0,1030.0,1545.0,シアスパン比a=1.0の参考値。設計値は別途計算式による,8.5@70,8.0@50,
3083,特厚型,A-D32,DAM105-700-特厚型-A-D32,PRC,700,140,105,60,2.00,4.0,40000,1440,600,1275,1420,200000,true,16,D32,12707,579,345,200000,0,0,0,0,10.7,16,4～15,246300,302900,12645400000,379.0,216.0,1128.0,1634.0,7880.0,394.0,907.0,1361.0,1059.0,1588.0,シアスパン比a=1.0の参考値。設計値は別途計算式による,8.5@70,8.0@50,
3084,標準型,A-D13,DAM105-800-標準型-A-D13,PRC,800,110,105,60,2.40,4.8,40000,1800,690,1275,1420,200000,true,20,D13,2534,688,345,200000,0,0,0,0,10.7,20,4～15,238400,255800,15578900000,440.0,265.0,697.0,1057.0,6447.0,348.0,842.0,1264.0,991.0,1487.0,シアスパン比a=1.0の参考値。設計値は別途計算式による,8.5@60,8.0@50,
3085,標準型,A-D16,DAM105-800-標準型-A-D16,PRC,800,110,105,60,2.35,4.7,40000,1800,690,1275,1420,200000,true,20,D16,3972,685,345,200000,0,0,0,0,10.7,20,4～15,238400,261500,15910760000,445.0,266.0,796.0,1212.0,6618.0,353.0,881.0,1321.0,1030.0,1544.0,シアスパン比a=1.0の参考値。設計値は別途計算式による,8.5@60,8.0@50,
3086,標準型,A-D19,DAM105-800-標準型-A-D19,PRC,800,110,105,60,2.30,4.6,40000,1800,690,1275,1420,200000,true,20,D19,5730,682,345,200000,0,0,0,0,10.7,20,4～15,238400,268600,16311100000,452.0,268.0,914.0,1399.0,6828.0,358.0,919.0,1378.0,1067.0,1601.0,シアスパン比a=1.0の参考値。設計値は別途計算式による,8.5@60,8.0@50,
3087,標準型,A-D22,DAM105-800-標準型-A-D22,PRC,800,110,105,60,2.20,4.4,40000,1800,690,1275,1420,200000,true,20,D22,7742,679,345,200000,0,0,0,0,10.7,20,4～15,238400,276600,16762810000,459.0,270.0,1047.0,1598.0,7068.0,364.0,954.0,1431.0,1103.0,1654.0,シアスパン比a=1.0の参考値。設計値は別途計算式による,8.5@60,8.0@50,
3088,標準型,A-D25,DAM105-800-標準型-A-D25,PRC,800,110,105,60,2.15,4.3,40000,1800,690,1275,1420,200000,true,20,D25,10134,676,345,200000,0,0,0,0,10.7,20,4～15,238400,286200,17293140000,467.0,272.0,1201.0,1828.0,7354.0,370.0,989.0,1484.0,1138.0,1707.0,シアスパン比a=1.0の参考値。設計値は別途計算式による,8.5@60,8.0@50,
3089,標準型,A-D29,DAM105-800-標準型-A-D29,PRC,800,110,105,60,2.10,4.2,40000,1800,690,1275,1420,200000,true,20,D29,12848,672,345,200000,0,0,0,0,10.7,20,4～15,238400,297000,17878080000,476.0,275.0,1373.0,2079.0,7678.0,377.0,1023.0,1534.0,1172.0,1757.0,シアスパン比a=1.0の参考値。設計値は別途計算式による,8.5@60,8.0@50,
3090,標準型,A-D32,DAM105-800-標準型-A-D32,PRC,800,110,105,60,2.00,4.0,40000,1800,690,1275,1420,200000,true,20,D32,15884,669,345,200000,0,0,0,0,10.7,20,4～15,238400,309200,18531040000,486.0,278.0,1561.0,2349.0,8041.0,385.0,1055.0,1582.0,1204.0,1806.0,シアスパン比a=1.0の参考値。設計値は別途計算式による,8.5@60,8.0@50,
3091,厚型,A-D13,DAM105-800-厚型-A-D13,PRC,800,130,105,60,2.35,4.7,40000,1800,690,1275,1420,200000,true,20,D13,2534,688,345,200000,0,0,0,0,10.7,20,4～15,273600,291000,16959940000,475.0,284.0,732.0,1059.0,7364.0,397.0,887.0,1330.0,1033.0,1550.0,シアスパン比a=1.0の参考値。設計値は別途計算式による,8.5@60,8.0@50,
3092,厚型,A-D16,DAM105-800-厚型-A-D16,PRC,800,130,105,60,2.30,4.6,40000,1800,690,1275,1420,200000,true,20,D16,3972,685,345,200000,0,0,0,0,10.7,20,4～15,273600,296700,17291800000,480.0,285.0,830.0,1213.0,7536.0,402.0,928.0,1392.0,1075.0,1612.0,シアスパン比a=1.0の参考値。設計値は別途計算式による,8.5@60,8.0@50,
3093,厚型,A-D19,DAM105-800-厚型-A-D19,PRC,800,130,105,60,2.25,4.5,40000,1800,690,1275,1420,200000,true,20,D19,5730,682,345,200000,0,0,0,0,10.7,20,4～15,273600,303700,17692140000,487.0,287.0,948.0,1399.0,7746.0,407.0,969.0,1453.0,1115.0,1673.0,シアスパン比a=1.0の参考値。設計値は別途計算式による,8.5@60,8.0@50,
3094,厚型,A-D22,DAM105-800-厚型-A-D22,PRC,800,130,105,60,2.20,4.4,40000,1800,690,1275,1420,200000,true,20,D22,7742,679,345,200000,0,0,0,0,10.7,20,4～15,273600,311800,18143850000,494.0,290.0,1080.0,1599.0,7986.0,413.0,1007.0,1510.0,1154.0,1730.0,シアスパン比a=1.0の参考値。設計値は別途計算式による,8.5@60,8.0@50,
3095,厚型,A-D25,DAM105-800-厚型-A-D25,PRC,800,130,105,60,2.15,4.3,40000,1800,690,1275,1420,200000,true,20,D25,10134,676,345,200000,0,0,0,0,10.7,20,4～15,273600,321300,18674180000,502.0,292.0,1235.0,1830.0,8272.0,421.0,1045.0,1567.0,1191.0,1787.0,シアスパン比a=1.0の参考値。設計値は別途計算式による,8.5@60,8.0@50,
3096,厚型,A-D29,DAM105-800-厚型-A-D29,PRC,800,130,105,60,2.05,4.1,40000,1800,690,1275,1420,200000,true,20,D29,12848,672,345,200000,0,0,0,0,10.7,20,4～15,273600,332200,19259120000,512.0,295.0,1407.0,2083.0,8596.0,428.0,1081.0,1621.0,1228.0,1842.0,シアスパン比a=1.0の参考値。設計値は別途計算式による,8.5@60,8.0@50,
3097,厚型,A-D32,DAM105-800-厚型-A-D32,PRC,800,130,105,60,2.00,4.0,40000,1800,690,1275,1420,200000,true,20,D32,15884,669,345,200000,0,0,0,0,10.7,20,4～15,273600,344300,19912080000,522.0,298.0,1595.0,2358.0,8959.0,437.0,1116.0,1674.0,1263.0,1894.0,シアスパン比a=1.0の参考値。設計値は別途計算式による,8.5@60,8.0@50,
3098,特厚型,A-D13,DAM105-800-特厚型-A-D13,PRC,800,150,105,60,2.30,4.6,40000,1800,690,1275,1420,200000,true,20,D13,2534,688,345,200000,0,0,0,0,10.7,20,4～15,306300,323600,18065910000,502.0,299.0,763.0,1060.0,8213.0,444.0,920.0,1380.0,1065.0,1597.0,シアスパン比a=1.0の参考値。設計値は別途計算式による,8.5@60,8.0@50,
3099,特厚型,A-D16,DAM105-800-特厚型-A-D16,PRC,800,150,105,60,2.25,4.5,40000,1800,690,1275,1420,200000,true,20,D16,3972,685,345,200000,0,0,0,0,10.7,20,4～15,306300,329400,18397770000,508.0,301.0,861.0,1215.0,8385.0,449.0,963.0,1445.0,1108.0,1662.0,シアスパン比a=1.0の参考値。設計値は別途計算式による,8.5@60,8.0@50,
3100,特厚型,A-D19,DAM105-800-特厚型-A-D19,PRC,800,150,105,60,2.25,4.5,40000,1800,690,1275,1420,200000,true,20,D19,5730,682,345,200000,0,0,0,0,10.7,20,4～15,306300,336400,18798110000,515.0,303.0,978.0,1400.0,8595.0,455.0,1006.0,1510.0,1151.0,1727.0,シアスパン比a=1.0の参考値。設計値は別途計算式による,8.5@60,8.0@50,
3101,特厚型,A-D22,DAM105-800-特厚型-A-D22,PRC,800,150,105,60,2.20,4.4,40000,1800,690,1275,1420,200000,true,20,D22,7742,679,345,200000,0,0,0,0,10.7,20,4～15,306300,344500,19249820000,522.0,306.0,1110.0,1599.0,8835.0,462.0,1047.0,1570.0,1192.0,1787.0,シアスパン比a=1.0の参考値。設計値は別途計算式による,8.5@60,8.0@50,
3102,特厚型,A-D25,DAM105-800-特厚型-A-D25,PRC,800,150,105,60,2.10,4.2,40000,1800,690,1275,1420,200000,true,20,D25,10134,676,345,200000,0,0,0,0,10.7,20,4～15,306300,354000,19780140000,531.0,308.0,1264.0,1830.0,9121.0,470.0,1087.0,1630.0,1232.0,1847.0,シアスパン比a=1.0の参考値。設計値は別途計算式による,8.5@60,8.0@50,
3103,特厚型,A-D29,DAM105-800-特厚型-A-D29,PRC,800,150,105,60,2.05,4.1,40000,1800,690,1275,1420,200000,true,20,D29,12848,672,345,200000,0,0,0,0,10.7,20,4～15,306300,364900,20365090000,540.0,311.0,1436.0,2083.0,9446.0,478.0,1125.0,1688.0,1270.0,1905.0,シアスパン比a=1.0の参考値。設計値は別途計算式による,8.5@60,8.0@50,
3104,特厚型,A-D32,DAM105-800-特厚型-A-D32,PRC,800,150,105,60,2.00,4.0,40000,1800,690,1275,1420,200000,true,20,D32,15884,669,345,200000,0,0,0,0,10.7,20,4～15,306300,377000,21018040000,551.0,314.0,1624.0,2359.0,9809.0,488.0,1162.0,1743.0,1307.0,1960.0,シアスパン比a=1.0の参考値。設計値は別途計算式による,8.5@60,8.0@50,
3105,標準型,A-D13,DAM105-900-標準型-A-D13,PRC,900,120,105,60,2.35,4.7,40000,1980,790,1275,1420,200000,true,22,D13,2787,788,345,200000,0,0,0,0,10.7,22,4～15,294100,313100,24374620000,607.0,363.0,915.0,1324.0,7921.0,423.0,1023.0,1534.0,1169.0,1753.0,シアスパン比a=1.0の参考値。設計値は別途計算式による,8.5@55,8.0@50,
3106,標準型,A-D16,DAM105-900-標準型-A-D16,PRC,900,120,105,60,2.30,4.6,40000,1980,790,1275,1420,200000,true,22,D16,4369,785,345,200000,0,0,0,0,10.7,22,4～15,294100,319400,24855040000,614.0,365.0,1039.0,1519.0,8109.0,428.0,1069.0,1604.0,1215.0,1823.0,シアスパン比a=1.0の参考値。設計値は別途計算式による,8.5@55,8.0@50,
3107,標準型,A-D19,DAM105-900-標準型-A-D19,PRC,900,120,105,60,2.25,4.5,40000,1980,790,1275,1420,200000,true,22,D19,6303,782,345,200000,0,0,0,0,10.7,22,4～15,294100,327200,25435610000,622.0,368.0,1188.0,1755.0,8340.0,434.0,1115.0,1673.0,1261.0,1892.0,シアスパン比a=1.0の参考値。設計値は別途計算式による,8.5@55,8.0@50,
3108,標準型,A-D22,DAM105-900-標準型-A-D22,PRC,900,120,105,60,2.20,4.4,40000,1980,790,1275,1420,200000,true,22,D22,8516,779,345,200000,0,0,0,0,10.7,22,4～15,294100,336000,26091870000,632.0,371.0,1356.0,2021.0,8605.0,441.0,1158.0,1737.0,1304.0,1956.0,シアスパン比a=1.0の参考値。設計値は別途計算式による,8.5@55,8.0@50,
3109,標準型,A-D25,DAM105-900-標準型-A-D25,PRC,900,120,105,60,2.15,4.3,40000,1980,790,1275,1420,200000,true,22,D25,11147,776,345,200000,0,0,0,0,10.7,22,4～15,294100,346600,26863620000,643.0,374.0,1551.0,2319.0,8919.0,449.0,1200.0,1801.0,1347.0,2020.0,シアスパン比a=1.0の参考値。設計値は別途計算式による,8.5@55,8.0@50,
3110,標準型,A-D29,DAM105-900-標準型-A-D29,PRC,900,120,105,60,2.05,4.1,40000,1980,790,1275,1420,200000,true,22,D29,14133,772,345,200000,0,0,0,0,10.7,22,4～15,294100,358500,27718060000,655.0,377.0,1769.0,2643.0,9276.0,457.0,1241.0,1862.0,1387.0,2081.0,シアスパン比a=1.0の参考値。設計値は別途計算式による,8.5@55,8.0@50,
3111,標準型,A-D32,DAM105-900-標準型-A-D32,PRC,900,120,105,60,2.00,4.0,40000,1980,790,1275,1420,200000,true,22,D32,17472,769,345,200000,0,0,0,0,10.7,22,4～15,294100,371900,28672080000,668.0,381.0,2008.0,2995.0,9675.0,466.0,1280.0,1920.0,1426.0,2140.0,シアスパン比a=1.0の参考値。設計値は別途計算式による,8.5@55,8.0@50,
3112,厚型,A-D13,DAM105-900-厚型-A-D13,PRC,900,140,105,60,2.30,4.6,40000,1980,790,1275,1420,200000,true,22,D13,2787,788,345,200000,0,0,0,0,10.7,22,4～15,334300,353300,26435500000,654.0,390.0,962.0,1326.0,8964.0,479.0,1074.0,1611.0,1218.0,1828.0,シアスパン比a=1.0の参考値。設計値は別途計算式による,8.5@55,8.0@50,
3113,厚型,A-D16,DAM105-900-厚型-A-D16,PRC,900,140,105,60,2.30,4.6,40000,1980,790,1275,1420,200000,true,22,D16,4369,785,345,200000,0,0,0,0,10.7,22,4～15,334300,359700,26915930000,661.0,392.0,1085.0,1520.0,9153.0,484.0,1124.0,1686.0,1268.0,1903.0,シアスパン比a=1.0の参考値。設計値は別途計算式による,8.5@55,8.0@50,
3114,厚型,A-D19,DAM105-900-厚型-A-D19,PRC,900,140,105,60,2.25,4.5,40000,1980,790,1275,1420,200000,true,22,D19,6303,782,345,200000,0,0,0,0,10.7,22,4～15,334300,367400,27496490000,670.0,395.0,1234.0,1755.0,9384.0,491.0,1173.0,1760.0,1317.0,1976.0,シアスパン比a=1.0の参考値。設計値は別途計算式による,8.5@55,8.0@50,
3115,厚型,A-D22,DAM105-900-厚型-A-D22,PRC,900,140,105,60,2.20,4.4,40000,1980,790,1275,1420,200000,true,22,D22,8516,779,345,200000,0,0,0,0,10.7,22,4～15,334300,376300,28152750000,679.0,398.0,1401.0,2020.0,9648.0,498.0,1219.0,1829.0,1364.0,2045.0,シアスパン比a=1.0の参考値。設計値は別途計算式による,8.5@55,8.0@50,
3116,厚型,A-D25,DAM105-900-厚型-A-D25,PRC,900,140,105,60,2.10,4.2,40000,1980,790,1275,1420,200000,true,22,D25,11147,776,345,200000,0,0,0,0,10.7,22,4～15,334300,386800,28924500000,690.0,401.0,1597.0,2319.0,9963.0,506.0,1265.0,1897.0,1409.0,2114.0,シアスパン比a=1.0の参考値。設計値は別途計算式による,8.5@55,8.0@50,
3117,厚型,A-D29,DAM105-900-厚型-A-D29,PRC,900,140,105,60,2.05,4.1,40000,1980,790,1275,1420,200000,true,22,D29,14133,772,345,200000,0,0,0,0,10.7,22,4～15,334300,398800,29778940000,703.0,405.0,1815.0,2646.0,10320.0,515.0,1309.0,1963.0,1453.0,2180.0,シアスパン比a=1.0の参考値。設計値は別途計算式による,8.5@55,8.0@50,
3118,厚型,A-D32,DAM105-900-厚型-A-D32,PRC,900,140,105,60,2.00,4.0,40000,1980,790,1275,1420,200000,true,22,D32,17472,769,345,200000,0,0,0,0,10.7,22,4～15,334300,412100,30732970000,716.0,409.0,2054.0,3001.0,10719.0,525.0,1351.0,2026.0,1495.0,2243.0,シアスパン比a=1.0の参考値。設計値は別途計算式による,8.5@55,8.0@50,
3119,特厚型,A-D13,DAM105-900-特厚型-A-D13,PRC,900,160,105,60,2.15,4.3,40000,1980,789,1275,1420,200000,true,22,D13,2787,788,345,200000,0,0,0,0,10.7,22,4～15,372000,391000,28133840000,677.0,395.0,974.0,1326.0,10040.0,521.0,1110.0,1666.0,1253.0,1880.0,シアスパン比a=1.0の参考値。設計値は別途計算式による,8.5@55,8.0@50,
3120,特厚型,A-D16,DAM105-900-特厚型-A-D16,PRC,900,160,105,60,2.15,4.3,40000,1980,789,1275,1420,200000,true,22,D16,4369,785,345,200000,0,0,0,0,10.7,22,4～15,372000,397400,28614270000,684.0,398.0,1098.0,1520.0,10229.0,527.0,1163.0,1745.0,1306.0,1959.0,シアスパン比a=1.0の参考値。設計値は別途計算式による,8.5@55,8.0@50,
3121,特厚型,A-D19,DAM105-900-特厚型-A-D19,PRC,900,160,105,60,2.10,4.2,40000,1980,789,1275,1420,200000,true,22,D19,6303,782,345,200000,0,0,0,0,10.7,22,4～15,372000,405100,29194830000,693.0,401.0,1246.0,1755.0,10460.0,534.0,1215.0,1822.0,1358.0,2036.0,シアスパン比a=1.0の参考値。設計値は別途計算式による,8.5@55,8.0@50,
3122,特厚型,A-D22,DAM105-900-特厚型-A-D22,PRC,900,160,105,60,2.05,4.1,40000,1980,789,1275,1420,200000,true,22,D22,8516,779,345,200000,0,0,0,0,10.7,22,4～15,372000,414000,29851090000,703.0,404.0,1414.0,2019.0,10725.0,541.0,1264.0,1896.0,1406.0,2109.0,シアスパン比a=1.0の参考値。設計値は別途計算式による,8.5@55,8.0@50,
3123,特厚型,A-D25,DAM105-900-特厚型-A-D25,PRC,900,160,105,60,2.00,4.0,40000,1980,789,1275,1420,200000,true,22,D25,11147,776,345,200000,0,0,0,0,10.7,22,4～15,372000,424500,30622850000,714.0,408.0,1609.0,2318.0,11039.0,550.0,1312.0,1968.0,1455.0,2182.0,シアスパン比a=1.0の参考値。設計値は別途計算式による,8.5@55,8.0@50,
3124,特厚型,A-D29,DAM105-900-特厚型-A-D29,PRC,900,160,105,60,2.05,4.1,40000,2200,789,1275,1420,200000,true,22,D29,14133,772,345,200000,0,0,0,0,11.2,22,4～15,372000,437300,31551390000,744.0,429.0,1872.0,2731.0,11319.0,572.0,1362.0,2043.0,1505.0,2257.0,シアスパン比a=1.0の参考値。設計値は別途計算式による,8.5@55,8.0@50,
3125,特厚型,A-D32,DAM105-900-特厚型-A-D32,PRC,900,160,105,60,2.00,4.0,40000,2200,789,1275,1420,200000,true,22,D32,17472,769,345,200000,0,0,0,0,11.2,22,4～15,372000,450700,32506680000,758.0,433.0,2112.0,3084.0,11718.0,583.0,1406.0,2110.0,1549.0,2324.0,シアスパン比a=1.0の参考値。設計値は別途計算式による,8.5@55,8.0@50,
3126,標準型,A-D13,DAM105-1000-標準型-A-D13,PRC,1000,130,105,60,2.35,4.7,40000,2250,890,1275,1420,200000,true,25,D13,3168,888,345,200000,0,0,0,0,10.7,25,4～15,355300,377000,36506850000,815.0,487.0,1196.0,1684.0,9549.0,508.0,1232.0,1848.0,1366.0,2048.0,シアスパン比a=1.0の参考値。設計値は別途計算式による,8.5@50,8.0@50,
3127,標準型,A-D16,DAM105-1000-標準型-A-D16,PRC,1000,130,105,60,2.30,4.6,40000,2250,890,1275,1420,200000,true,25,D16,4965,885,345,200000,0,0,0,0,10.7,25,4～15,355300,384200,37201880000,825.0,490.0,1354.0,1933.0,9764.0,514.0,1288.0,1931.0,1421.0,2132.0,シアスパン比a=1.0の参考値。設計値は別途計算式による,8.5@50,8.0@50,
3128,標準型,A-D19,DAM105-1000-標準型-A-D19,PRC,1000,130,105,60,2.25,4.5,40000,2250,890,1275,1420,200000,true,25,D19,7163,882,345,200000,0,0,0,0,10.7,25,4～15,355300,393000,38042880000,836.0,493.0,1545.0,2234.0,10027.0,521.0,1342.0,2013.0,1476.0,2214.0,シアスパン比a=1.0の参考値。設計値は別途計算式による,8.5@50,8.0@50,
3129,標準型,A-D22,DAM105-1000-標準型-A-D22,PRC,1000,130,105,60,2.20,4.4,40000,2250,890,1275,1420,200000,true,25,D22,9678,879,345,200000,0,0,0,0,10.7,25,4～15,355300,403000,38994900000,848.0,497.0,1760.0,2575.0,10327.0,529.0,1394.0,2091.0,1527.0,2291.0,シアスパン比a=1.0の参考値。設計値は別途計算式による,8.5@50,8.0@50,
3130,標準型,A-D25,DAM105-1000-標準型-A-D25,PRC,1000,130,105,60,2.15,4.3,40000,2250,890,1275,1420,200000,true,25,D25,12668,876,345,200000,0,0,0,0,10.7,25,4～15,355300,415000,40115880000,863.0,502.0,2011.0,2970.0,10685.0,538.0,1445.0,2167.0,1578.0,2368.0,シアスパン比a=1.0の参考値。設計値は別途計算式による,8.5@50,8.0@50,
3131,標準型,A-D29,DAM105-1000-標準型-A-D29,PRC,1000,130,105,60,2.05,4.1,40000,2250,890,1275,1420,200000,true,25,D29,16060,872,345,200000,0,0,0,0,10.7,25,4～15,355300,428600,41360520000,879.0,506.0,2290.0,3391.0,11090.0,548.0,1494.0,2240.0,1627.0,2441.0,シアスパン比a=1.0の参考値。設計値は別途計算式による,8.5@50,8.0@50,
3132,標準型,A-D32,DAM105-1000-標準型-A-D32,PRC,1000,130,105,60,2.00,4.0,40000,2250,890,1275,1420,200000,true,25,D32,19855,869,345,200000,0,0,0,0,10.7,25,4～15,355300,443700,42750520000,897.0,512.0,2597.0,3848.0,11544.0,559.0,1540.0,2311.0,1674.0,2511.0,シアスパン比a=1.0の参考値。設計値は別途計算式による,8.5@50,8.0@50,
3133,厚型,A-D13,DAM105-1000-厚型-A-D13,PRC,1000,150,105,60,2.30,4.6,40000,2250,890,1275,1420,200000,true,25,D13,3168,888,345,200000,0,0,0,0,10.7,25,4～15,400600,422200,39440590000,873.0,518.0,1250.0,1685.0,10738.0,569.0,1290.0,1935.0,1422.0,2133.0,シアスパン比a=1.0の参考値。設計値は別途計算式による,8.5@50,8.0@50,
3134,厚型,A-D16,DAM105-1000-厚型-A-D16,PRC,1000,150,105,60,2.25,4.5,40000,2250,890,1275,1420,200000,true,25,D16,4965,885,345,200000,0,0,0,0,10.7,25,4～15,400600,429500,40135620000,882.0,521.0,1408.0,1933.0,10953.0,575.0,1349.0,2024.0,1482.0,2222.0,シアスパン比a=1.0の参考値。設計値は別途計算式による,8.5@50,8.0@50,
3135,厚型,A-D19,DAM105-1000-厚型-A-D19,PRC,1000,150,105,60,2.20,4.4,40000,2250,890,1275,1420,200000,true,25,D19,7163,882,345,200000,0,0,0,0,10.7,25,4～15,400600,438300,40976630000,894.0,525.0,1598.0,2233.0,11216.0,582.0,1408.0,2112.0,1540.0,2310.0,シアスパン比a=1.0の参考値。設計値は別途計算式による,8.5@50,8.0@50,
3136,厚型,A-D22,DAM105-1000-厚型-A-D22,PRC,1000,150,105,60,2.15,4.3,40000,2250,890,1275,1420,200000,true,25,D22,9678,879,345,200000,0,0,0,0,10.7,25,4～15,400600,448300,41928650000,906.0,529.0,1813.0,2573.0,11517.0,591.0,1463.0,2195.0,1595.0,2393.0,シアスパン比a=1.0の参考値。設計値は別途計算式による,8.5@50,8.0@50,
3137,厚型,A-D25,DAM105-1000-厚型-A-D25,PRC,1000,150,105,60,2.10,4.2,40000,2250,890,1275,1420,200000,true,25,D25,12668,876,345,200000,0,0,0,0,10.7,25,4～15,400600,460300,43049620000,921.0,534.0,2064.0,2970.0,11874.0,600.0,1518.0,2277.0,1650.0,2475.0,シアスパン比a=1.0の参考値。設計値は別途計算式による,8.5@50,8.0@50,
3138,厚型,A-D29,DAM105-1000-厚型-A-D29,PRC,1000,150,105,60,2.05,4.1,40000,2250,890,1275,1420,200000,true,25,D29,16060,872,345,200000,0,0,0,0,10.7,25,4～15,400600,473800,44294260000,938.0,539.0,2343.0,3393.0,12280.0,611.0,1570.0,2355.0,1702.0,2553.0,シアスパン比a=1.0の参考値。設計値は別途計算式による,8.5@50,8.0@50,
3139,厚型,A-D32,DAM105-1000-厚型-A-D32,PRC,1000,150,105,60,2.00,4.0,40000,2250,890,1275,1420,200000,true,25,D32,19855,869,345,200000,0,0,0,0,10.7,25,4～15,400600,489000,45684270000,956.0,544.0,2651.0,3853.0,12734.0,623.0,1620.0,2430.0,1752.0,2629.0,シアスパン比a=1.0の参考値。設計値は別途計算式による,8.5@50,8.0@50,
3140,特厚型,A-D13,DAM105-1000-特厚型-A-D13,PRC,1000,170,105,60,2.10,4.2,40000,2250,889,1275,1420,200000,true,25,D13,3168,888,345,200000,0,0,0,0,10.7,25,4～15,443300,465000,41912270000,894.0,517.0,1249.0,1685.0,12011.0,609.0,1331.0,1996.0,1461.0,2192.0,シアスパン比a=1.0の参考値。設計値は別途計算式による,8.5@50,8.0@50,
3141,特厚型,A-D16,DAM105-1000-特厚型-A-D16,PRC,1000,170,105,60,2.05,4.1,40000,2250,889,1275,1420,200000,true,25,D16,4965,885,345,200000,0,0,0,0,10.7,25,4～15,443300,472200,42607300000,904.0,520.0,1407.0,1933.0,12226.0,616.0,1393.0,2090.0,1524.0,2286.0,シアスパン比a=1.0の参考値。設計値は別途計算式による,8.5@50,8.0@50,
3142,特厚型,A-D19,DAM105-1000-特厚型-A-D19,PRC,1000,170,105,60,2.00,4.0,40000,2250,889,1275,1420,200000,true,25,D19,7163,882,345,200000,0,0,0,0,10.7,25,4～15,443300,481000,43448300000,915.0,524.0,1598.0,2232.0,12489.0,623.0,1455.0,2183.0,1586.0,2379.0,シアスパン比a=1.0の参考値。設計値は別途計算式による,8.5@50,8.0@50,
3143,特厚型,A-D22,DAM105-1000-特厚型-A-D22,PRC,1000,170,105,60,2.00,4.0,40000,2250,889,1275,1420,200000,true,25,D22,9678,879,345,200000,0,0,0,0,10.7,25,4～15,443300,491000,44400320000,928.0,529.0,1812.0,2571.0,12789.0,632.0,1513.0,2270.0,1644.0,2466.0,シアスパン比a=1.0の参考値。設計値は別途計算式による,8.5@50,8.0@50,
3144,特厚型,A-D25,DAM105-1000-特厚型-A-D25,PRC,1000,170,105,60,2.10,4.2,40000,2500,889,1275,1420,200000,true,25,D25,12668,876,345,200000,0,0,0,0,11.2,25,4～15,443300,504000,45625860000,978.0,567.0,2142.0,3083.0,12993.0,665.0,1578.0,2367.0,1709.0,2563.0,シアスパン比a=1.0の参考値。設計値は別途計算式による,8.5@50,8.0@50,
3145,特厚型,A-D29,DAM105-1000-特厚型-A-D29,PRC,1000,170,105,60,2.05,4.1,40000,2500,889,1275,1420,200000,true,25,D29,16060,872,345,200000,0,0,0,0,11.2,25,4～15,443300,517500,46871960000,995.0,573.0,2421.0,3502.0,13399.0,676.0,1633.0,2450.0,1764.0,2646.0,シアスパン比a=1.0の参考値。設計値は別途計算式による,8.5@50,8.0@50,
3146,特厚型,A-D32,DAM105-1000-特厚型-A-D32,PRC,1000,170,105,60,2.00,4.0,40000,2500,889,1275,1420,200000,true,25,D32,19855,869,345,200000,0,0,0,0,11.2,25,4～15,443300,532700,48263580000,1013.0,579.0,2728.0,3960.0,13853.0,689.0,1686.0,2529.0,1817.0,2725.0,シアスパン比a=1.0の参考値。設計値は別途計算式による,8.5@50,8.0@50,
3147,標準型,A-D13,DAM105-1100-標準型-A-D13,PRC,1100,140,105,60,2.35,4.7,40000,2600,980,1275,1420,200000,true,26,D13,3294,978,345,200000,0,0,0,0,11.2,26,4～15,422200,445800,52499910000,1074.0,644.0,1523.0,2092.0,11258.0,604.0,,,1569.0,2353.0,シアスパン比a=1.0の参考値。設計値は別途計算式による,－@－,8.0@50,
3148,標準型,A-D16,DAM105-1100-標準型-A-D16,PRC,1100,140,105,60,2.35,4.7,40000,2600,980,1275,1420,200000,true,26,D16,5164,975,345,200000,0,0,0,0,11.2,26,4～15,422200,453300,53379170000,1084.0,647.0,1705.0,2378.0,11481.0,611.0,,,1632.0,2447.0,シアスパン比a=1.0の参考値。設計値は別途計算式による,－@－,8.0@50,
3149,標準型,A-D19,DAM105-1100-標準型-A-D19,PRC,1100,140,105,60,2.30,4.6,40000,2600,980,1275,1420,200000,true,26,D19,7449,972,345,200000,0,0,0,0,11.2,26,4～15,422200,462400,54444130000,1097.0,651.0,1925.0,2725.0,11754.0,618.0,,,1693.0,2540.0,シアスパン比a=1.0の参考値。設計値は別途計算式による,－@－,8.0@50,
3150,標準型,A-D22,DAM105-1100-標準型-A-D22,PRC,1100,140,105,60,2.25,4.5,40000,2600,980,1275,1420,200000,true,26,D22,10065,969,345,200000,0,0,0,0,11.2,26,4～15,422200,472900,55650920000,1112.0,656.0,2173.0,3119.0,12067.0,626.0,,,1752.0,2628.0,シアスパン比a=1.0の参考値。設計値は別途計算式による,－@－,8.0@50,
3151,標準型,A-D25,DAM105-1100-標準型-A-D25,PRC,1100,140,105,60,2.20,4.4,40000,2600,980,1275,1420,200000,true,26,D25,13174,966,345,200000,0,0,0,0,11.2,26,4～15,422200,485300,57073180000,1128.0,661.0,2463.0,3580.0,12438.0,636.0,,,1810.0,2715.0,シアスパン比a=1.0の参考値。設計値は別途計算式による,－@－,8.0@50,
3152,標準型,A-D29,DAM105-1100-標準型-A-D29,PRC,1100,140,105,60,2.15,4.3,40000,2600,980,1275,1420,200000,true,26,D29,16702,962,345,200000,0,0,0,0,11.2,26,4～15,422200,499400,58655620000,1147.0,667.0,2786.0,4083.0,12860.0,647.0,,,1866.0,2799.0,シアスパン比a=1.0の参考値。設計値は別途計算式による,－@－,8.0@50,
3153,標準型,A-D32,DAM105-1100-標準型-A-D32,PRC,1100,140,105,60,2.05,4.1,40000,2600,980,1275,1420,200000,true,26,D32,20649,959,345,200000,0,0,0,0,11.2,26,4～15,422200,515200,60423140000,1168.0,673.0,3142.0,4620.0,13332.0,658.0,,,1920.0,2880.0,シアスパン比a=1.0の参考値。設計値は別途計算式による,－@－,8.0@50,
3154,標準型,A-D35,DAM105-1100-標準型-A-D35,PRC,1100,140,105,60,2.00,4.0,40000,2600,980,1275,1420,200000,true,26,D35,24872,956,345,200000,0,0,0,0,11.2,26,4～15,422200,532100,62294120000,1189.0,679.0,3517.0,5176.0,13837.0,670.0,,,1970.0,2955.0,シアスパン比a=1.0の参考値。設計値は別途計算式による,－@－,8.0@50,
3155,厚型,A-D13,DAM105-1100-厚型-A-D13,PRC,1100,160,105,60,2.25,4.5,40000,2600,979,1275,1420,200000,true,26,D13,3294,979,345,200000,0,0,0,0,11.2,26,4～15,472500,496100,56523660000,1130.0,668.0,1562.0,2092.0,12651.0,663.0,,,1629.0,2444.0,シアスパン比a=1.0の参考値。設計値は別途計算式による,－@－,8.0@50,
3156,厚型,A-D16,DAM105-1100-厚型-A-D16,PRC,1100,160,105,60,2.20,4.4,40000,2600,979,1275,1420,200000,true,26,D16,5164,976,345,200000,0,0,0,0,11.2,26,4～15,472500,503600,57402920000,1141.0,671.0,1744.0,2377.0,12875.0,669.0,,,1696.0,2544.0,シアスパン比a=1.0の参考値。設計値は別途計算式による,－@－,8.0@50,
3157,厚型,A-D19,DAM105-1100-厚型-A-D19,PRC,1100,160,105,60,2.20,4.4,40000,2600,979,1275,1420,200000,true,26,D19,7449,973,345,200000,0,0,0,0,11.2,26,4～15,472500,512700,58467880000,1154.0,676.0,1964.0,2723.0,13148.0,677.0,,,1762.0,2643.0,シアスパン比a=1.0の参考値。設計値は別途計算式による,－@－,8.0@50,
3158,厚型,A-D22,DAM105-1100-厚型-A-D22,PRC,1100,160,105,60,2.15,4.3,40000,2600,979,1275,1420,200000,true,26,D22,10065,970,345,200000,0,0,0,0,11.2,26,4～15,472500,523200,59674670000,1169.0,680.0,2212.0,3115.0,13461.0,685.0,,,1825.0,2737.0,シアスパン比a=1.0の参考値。設計値は別途計算式による,－@－,8.0@50,
3159,厚型,A-D25,DAM105-1100-厚型-A-D25,PRC,1100,160,105,60,2.10,4.2,40000,2600,979,1275,1420,200000,true,26,D25,13174,967,345,200000,0,0,0,0,11.2,26,4～15,472500,535600,61096920000,1186.0,686.0,2503.0,3576.0,13833.0,696.0,,,1887.0,2830.0,シアスパン比a=1.0の参考値。設計値は別途計算式による,－@－,8.0@50,
3160,厚型,A-D29,DAM105-1100-厚型-A-D29,PRC,1100,160,105,60,2.05,4.1,40000,2600,979,1275,1420,200000,true,26,D29,16702,963,345,200000,0,0,0,0,11.2,26,4～15,472500,549700,62679370000,1205.0,692.0,2826.0,4084.0,14255.0,707.0,,,1947.0,2920.0,シアスパン比a=1.0の参考値。設計値は別途計算式による,－@－,8.0@50,
3161,厚型,A-D32,DAM105-1100-厚型-A-D32,PRC,1100,160,105,60,2.00,4.0,40000,2600,979,1275,1420,200000,true,26,D32,20649,960,345,200000,0,0,0,0,11.2,26,4～15,472500,565500,64446890000,1226.0,698.0,3184.0,4623.0,14727.0,719.0,,,2004.0,3006.0,シアスパン比a=1.0の参考値。設計値は別途計算式による,－@－,8.0@50,
3162,厚型,A-D35,DAM105-1100-厚型-A-D35,PRC,1100,160,105,60,2.00,4.0,40000,3250,979,1275,1420,200000,true,26,D35,24872,957,345,200000,0,0,0,0,12.6,26,4～15,472500,585000,66663320000,1273.0,727.0,3652.0,5485.0,15209.0,743.0,,,2061.0,3092.0,シアスパン比a=1.0の参考値。設計値は別途計算式による,－@－,8.0@50,
3163,特厚型,A-D13,DAM105-1100-特厚型-A-D13,PRC,1100,180,105,60,2.05,4.1,40000,2600,977,1275,1420,200000,true,26,D13,3294,980,345,200000,0,0,0,0,11.2,26,4～15,520200,543800,59973750000,1158.0,667.0,1560.0,2092.0,14076.0,707.0,,,1675.0,2512.0,シアスパン比a=1.0の参考値。設計値は別途計算式による,－@－,8.0@50,
3164,特厚型,A-D16,DAM105-1100-特厚型-A-D16,PRC,1100,180,105,60,2.05,4.1,40000,2600,977,1275,1420,200000,true,26,D16,5164,977,345,200000,0,0,0,0,11.2,26,4～15,520200,551300,60853010000,1169.0,671.0,1742.0,2376.0,14300.0,714.0,,,1745.0,2617.0,シアスパン比a=1.0の参考値。設計値は別途計算式による,－@－,8.0@50,
3165,特厚型,A-D19,DAM105-1100-特厚型-A-D19,PRC,1100,180,105,60,2.00,4.0,40000,2600,977,1275,1420,200000,true,26,D19,7449,974,345,200000,0,0,0,0,11.2,26,4～15,520200,560400,61917980000,1182.0,675.0,1962.0,2721.0,14573.0,722.0,,,1815.0,2722.0,シアスパン比a=1.0の参考値。設計値は別途計算式による,－@－,8.0@50,
3166,特厚型,A-D22,DAM105-1100-特厚型-A-D22,PRC,1100,180,105,60,2.20,4.4,40000,3250,977,1275,1420,200000,true,26,D22,10065,971,345,200000,0,0,0,0,12.6,26,4～15,520200,573500,63450560000,1256.0,737.0,2371.0,3464.0,14687.0,763.0,,,1891.0,2837.0,シアスパン比a=1.0の参考値。設計値は別途計算式による,－@－,8.0@50,
3167,特厚型,A-D25,DAM105-1100-特厚型-A-D25,PRC,1100,180,105,60,2.15,4.3,40000,3250,977,1275,1420,200000,true,26,D25,13174,968,345,200000,0,0,0,0,12.6,26,4～15,520200,585900,64876980000,1274.0,743.0,2660.0,3919.0,15059.0,774.0,,,1957.0,2935.0,シアスパン比a=1.0の参考値。設計値は別途計算式による,－@－,8.0@50,
3168,特厚型,A-D29,DAM105-1100-特厚型-A-D29,PRC,1100,180,105,60,2.10,4.2,40000,3250,977,1275,1420,200000,true,26,D29,16702,964,345,200000,0,0,0,0,12.6,26,4～15,520200,600100,66464110000,1293.0,749.0,2982.0,4404.0,15481.0,786.0,,,2020.0,3029.0,シアスパン比a=1.0の参考値。設計値は別途計算式による,－@－,8.0@50,
3169,特厚型,A-D32,DAM105-1100-特厚型-A-D32,PRC,1100,180,105,60,2.05,4.1,40000,3250,977,1275,1420,200000,true,26,D32,20649,961,345,200000,0,0,0,0,12.6,26,4～15,520200,615800,68236860000,1315.0,756.0,3338.0,4935.0,15952.0,799.0,,,2080.0,3120.0,シアスパン比a=1.0の参考値。設計値は別途計算式による,－@－,8.0@50,
3170,特厚型,A-D35,DAM105-1100-特厚型-A-D35,PRC,1100,180,105,60,2.00,4.0,40000,3250,977,1275,1420,200000,true,26,D35,24872,958,345,200000,0,0,0,0,12.6,26,4～15,520200,632700,70113410000,1337.0,764.0,3713.0,5490.0,16457.0,813.0,,,2136.0,3204.0,シアスパン比a=1.0の参考値。設計値は別途計算式による,－@－,8.0@50,
3171,標準型,A-D13,DAM105-1200-標準型-A-D13,PRC,1200,150,105,60,2.35,4.7,40000,3000,1080,1275,1420,200000,true,30,D13,3801,1078,345,200000,0,0,0,0,11.2,30,4～15,494800,522000,73540260000,1375.0,824.0,1934.0,2641.0,13196.0,706.0,,,1798.0,2697.0,シアスパン比a=1.0の参考値。設計値は別途計算式による,－@－,8.0@50,
3172,標準型,A-D16,DAM105-1200-標準型-A-D16,PRC,1200,150,105,60,2.30,4.6,40000,3000,1080,1275,1420,200000,true,30,D16,5958,1075,345,200000,0,0,0,0,11.2,30,4～15,494800,530600,74774790000,1389.0,828.0,2165.0,3003.0,13454.0,714.0,,,1871.0,2807.0,シアスパン比a=1.0の参考値。設計値は別途計算式による,－@－,8.0@50,
3173,標準型,A-D19,DAM105-1200-標準型-A-D19,PRC,1200,150,105,60,2.30,4.6,40000,3000,1080,1275,1420,200000,true,30,D19,8595,1072,345,200000,0,0,0,0,11.2,30,4～15,494800,541200,76271370000,1406.0,834.0,2444.0,3442.0,13769.0,722.0,,,1944.0,2916.0,シアスパン比a=1.0の参考値。設計値は別途計算式による,－@－,8.0@50,
3174,標準型,A-D22,DAM105-1200-標準型-A-D22,PRC,1200,150,105,60,2.25,4.5,40000,3000,1080,1275,1420,200000,true,30,D22,11613,1069,345,200000,0,0,0,0,11.2,30,4～15,494800,553300,77968830000,1425.0,840.0,2758.0,3941.0,14129.0,732.0,,,2013.0,3019.0,シアスパン比a=1.0の参考値。設計値は別途計算式による,－@－,8.0@50,
3175,標準型,A-D25,DAM105-1200-標準型-A-D25,PRC,1200,150,105,60,2.20,4.4,40000,3000,1080,1275,1420,200000,true,30,D25,15201,1066,345,200000,0,0,0,0,11.2,30,4～15,494800,567600,79971020000,1447.0,847.0,3127.0,4526.0,14558.0,744.0,,,2081.0,3121.0,シアスパン比a=1.0の参考値。設計値は別途計算式による,－@－,8.0@50,
3176,標準型,A-D29,DAM105-1200-標準型-A-D29,PRC,1200,150,105,60,2.10,4.2,40000,3000,1080,1275,1420,200000,true,30,D29,19272,1062,345,200000,0,0,0,0,11.2,30,4～15,494800,583900,82202900000,1471.0,854.0,3537.0,5175.0,15045.0,756.0,,,2146.0,3220.0,シアスパン比a=1.0の参考値。設計値は別途計算式による,－@－,8.0@50,
3177,標準型,A-D32,DAM105-1200-標準型-A-D32,PRC,1200,150,105,60,2.05,4.1,40000,3000,1080,1275,1420,200000,true,30,D32,23826,1059,345,200000,0,0,0,0,11.2,30,4～15,494800,602100,84696150000,1498.0,862.0,3989.0,5859.0,15590.0,770.0,,,2209.0,3314.0,シアスパン比a=1.0の参考値。設計値は別途計算式による,－@－,8.0@50,
3178,標準型,A-D35,DAM105-1200-標準型-A-D35,PRC,1200,150,105,60,2.00,4.0,40000,3000,1080,1275,1420,200000,true,30,D35,28698,1056,345,200000,0,0,0,0,11.2,30,4～15,494800,621600,87338050000,1527.0,871.0,4466.0,6569.0,16172.0,785.0,,,2268.0,3402.0,シアスパン比a=1.0の参考値。設計値は別途計算式による,－@－,8.0@50,
3179,厚型,A-D13,DAM105-1200-厚型-A-D13,PRC,1200,170,105,60,2.20,4.4,40000,3000,1078,1275,1420,200000,true,30,D13,3801,1079,345,200000,0,0,0,0,11.2,30,4～15,550100,577300,78895290000,1434.0,843.0,1963.0,2640.0,14775.0,765.0,,,1864.0,2796.0,シアスパン比a=1.0の参考値。設計値は別途計算式による,－@－,8.0@50,
3180,厚型,A-D16,DAM105-1200-厚型-A-D16,PRC,1200,170,105,60,2.15,4.3,40000,3000,1078,1275,1420,200000,true,30,D16,5958,1076,345,200000,0,0,0,0,11.2,30,4～15,550100,585900,80129820000,1448.0,847.0,2194.0,3001.0,15032.0,772.0,,,1942.0,2913.0,シアスパン比a=1.0の参考値。設計値は別途計算式による,－@－,8.0@50,
3181,厚型,A-D19,DAM105-1200-厚型-A-D19,PRC,1200,170,105,60,2.15,4.3,40000,3000,1078,1275,1420,200000,true,30,D19,8595,1073,345,200000,0,0,0,0,11.2,30,4～15,550100,596500,81626390000,1465.0,853.0,2473.0,3439.0,15348.0,781.0,,,2019.0,3029.0,シアスパン比a=1.0の参考値。設計値は別途計算式による,－@－,8.0@50,
3182,厚型,A-D22,DAM105-1200-厚型-A-D22,PRC,1200,170,105,60,2.10,4.2,40000,3000,1078,1275,1420,200000,true,30,D22,11613,1070,345,200000,0,0,0,0,11.2,30,4～15,550100,608600,83323860000,1484.0,859.0,2788.0,3936.0,15709.0,792.0,,,2092.0,3139.0,シアスパン比a=1.0の参考値。設計値は別途計算式による,－@－,8.0@50,
3183,厚型,A-D25,DAM105-1200-厚型-A-D25,PRC,1200,170,105,60,2.05,4.1,40000,3000,1078,1275,1420,200000,true,30,D25,15201,1067,345,200000,0,0,0,0,11.2,30,4～15,550100,622900,85326050000,1507.0,866.0,3157.0,4520.0,16138.0,803.0,,,2165.0,3248.0,シアスパン比a=1.0の参考値。設計値は別途計算式による,－@－,8.0@50,
3184,厚型,A-D29,DAM105-1200-厚型-A-D29,PRC,1200,170,105,60,2.00,4.0,40000,3000,1078,1275,1420,200000,true,30,D29,19272,1063,345,200000,0,0,0,0,11.2,30,4～15,550100,639200,87557930000,1531.0,874.0,3569.0,5173.0,16625.0,816.0,,,2235.0,3353.0,シアスパン比a=1.0の参考値。設計値は別途計算式による,－@－,8.0@50,
3185,厚型,A-D32,DAM105-1200-厚型-A-D32,PRC,1200,170,105,60,2.05,4.1,40000,3750,1078,1275,1420,200000,true,30,D32,23826,1060,345,200000,0,0,0,0,12.6,30,4～15,550100,660400,90523940000,1601.0,922.0,4159.0,6259.0,17096.0,850.0,,,2308.0,3462.0,シアスパン比a=1.0の参考値。設計値は別途計算式による,－@－,8.0@50,
3186,厚型,A-D35,DAM105-1200-厚型-A-D35,PRC,1200,170,105,60,2.00,4.0,40000,3750,1078,1275,1420,200000,true,30,D35,28698,1057,345,200000,0,0,0,0,12.6,30,4～15,550100,679900,93172940000,1630.0,931.0,4636.0,6963.0,17679.0,865.0,,,2370.0,3556.0,シアスパン比a=1.0の参考値。設計値は別途計算式による,－@－,8.0@50,
3187,特厚型,A-D13,DAM105-1200-特厚型-A-D13,PRC,1200,190,105,60,2.05,4.1,40000,3000,1077,1275,1420,200000,true,30,D13,3801,1080,345,200000,0,0,0,0,11.2,30,4～15,602900,630100,83553010000,1477.0,850.0,1974.0,2640.0,16316.0,817.0,,,1918.0,2877.0,シアスパン比a=1.0の参考値。設計値は別途計算式による,－@－,8.0@50,
3188,特厚型,A-D16,DAM105-1200-特厚型-A-D16,PRC,1200,190,105,60,2.05,4.1,40000,3000,1077,1275,1420,200000,true,30,D16,5958,1077,345,200000,0,0,0,0,11.2,30,4～15,602900,638700,84787540000,1491.0,855.0,2206.0,3000.0,16574.0,825.0,,,2000.0,3000.0,シアスパン比a=1.0の参考値。設計値は別途計算式による,－@－,8.0@50,
3189,特厚型,A-D19,DAM105-1200-特厚型-A-D19,PRC,1200,190,105,60,2.00,4.0,40000,3000,1077,1275,1420,200000,true,30,D19,8595,1074,345,200000,0,0,0,0,11.2,30,4～15,602900,649300,86284120000,1508.0,861.0,2485.0,3437.0,16889.0,834.0,,,2081.0,3122.0,シアスパン比a=1.0の参考値。設計値は別途計算式による,－@－,8.0@50,
3190,特厚型,A-D22,DAM105-1200-特厚型-A-D22,PRC,1200,190,105,60,2.20,4.4,40000,3750,1077,1275,1420,200000,true,30,D22,11613,1071,345,200000,0,0,0,0,12.6,30,4～15,602900,664300,88436370000,1605.0,942.0,3006.0,4379.0,17014.0,883.0,,,2170.0,3256.0,シアスパン比a=1.0の参考値。設計値は別途計算式による,－@－,8.0@50,
3191,特厚型,A-D25,DAM105-1200-特厚型-A-D25,PRC,1200,190,105,60,2.15,4.3,40000,3750,1077,1275,1420,200000,true,30,D25,15201,1068,345,200000,0,0,0,0,12.6,30,4～15,602900,678700,90443870000,1628.0,949.0,3373.0,4956.0,17443.0,896.0,,,2247.0,3370.0,シアスパン比a=1.0の参考値。設計値は別途計算式による,－@－,8.0@50,
3192,特厚型,A-D29,DAM105-1200-特厚型-A-D29,PRC,1200,190,105,60,2.10,4.2,40000,3750,1077,1275,1420,200000,true,30,D29,19272,1064,345,200000,0,0,0,0,12.6,30,4～15,602900,695000,92681740000,1653.0,958.0,3782.0,5584.0,17930.0,910.0,,,2320.0,3480.0,シアスパン比a=1.0の参考値。設計値は別途計算式による,－@－,8.0@50,
3193,特厚型,A-D32,DAM105-1200-特厚型-A-D32,PRC,1200,190,105,60,2.05,4.1,40000,3750,1077,1275,1420,200000,true,30,D32,23826,1061,345,200000,0,0,0,0,12.6,30,4～15,602900,713200,95181660000,1681.0,967.0,4234.0,6260.0,18474.0,926.0,,,2391.0,3586.0,シアスパン比a=1.0の参考値。設計値は別途計算式による,－@－,8.0@50,
3194,特厚型,A-D35,DAM105-1200-特厚型-A-D35,PRC,1200,190,105,60,2.00,4.0,40000,3750,1077,1275,1420,200000,true,30,D35,28698,1058,345,200000,0,0,0,0,12.6,30,4～15,602900,732700,97830670000,1710.0,977.0,4711.0,6968.0,19057.0,942.0,,,2456.0,3685.0,シアスパン比a=1.0の参考値。設計値は別途計算式による,－@－,8.0@50,
3195,標準型,A-D13,DAM105-1300-標準型-A-D13,PRC,1300,170,105,60,2.30,4.6,40000,3750,1180,1275,1420,200000,true,30,D13,3801,1180,345,200000,0,0,0,0,12.6,30,4～124～114～9,603500,633700,103761410000,1774.0,1055.0,2422.0,3390.0,16089.0,852.0,,,2072.0,3109.0,シアスパン比a=1.0の参考値。設計値は別途計算式による,－@－,8.0@50,
3196,標準型,A-D16,DAM105-1300-標準型-A-D16,PRC,1300,170,105,60,2.30,4.6,40000,3750,1180,1275,1420,200000,true,30,D16,5958,1177,345,200000,0,0,0,0,12.6,30,4～124～114～9,603500,642300,105241040000,1789.0,1061.0,2675.0,3783.0,16347.0,860.0,,,2151.0,3227.0,シアスパン比a=1.0の参考値。設計値は別途計算式による,－@－,8.0@50,
3197,標準型,A-D19,DAM105-1300-標準型-A-D19,PRC,1300,170,105,60,2.25,4.5,40000,3750,1180,1275,1420,200000,true,30,D19,8595,1174,345,200000,0,0,0,0,12.6,30,4～124～114～9,603500,652900,107036050000,1808.0,1067.0,2980.0,4261.0,16662.0,869.0,,,2231.0,3347.0,シアスパン比a=1.0の参考値。設計値は別途計算式による,－@－,8.0@50,
3198,標準型,A-D22,DAM105-1300-標準型-A-D22,PRC,1300,170,105,60,2.20,4.4,40000,3750,1180,1275,1420,200000,true,30,D22,11613,1171,345,200000,0,0,0,0,12.6,30,4～124～114～9,603500,665000,109073620000,1829.0,1074.0,3325.0,4803.0,17023.0,879.0,,,2307.0,3461.0,シアスパン比a=1.0の参考値。設計値は別途計算式による,－@－,8.0@50,
3199,標準型,A-D25,DAM105-1300-標準型-A-D25,PRC,1300,170,105,60,2.15,4.3,40000,3750,1180,1275,1420,200000,true,30,D25,15201,1168,345,200000,0,0,0,0,12.6,30,4～124～114～9,603500,679300,111478630000,1854.0,1082.0,3729.0,5441.0,17452.0,891.0,,,2384.0,3576.0,シアスパン比a=1.0の参考値。設計値は別途計算式による,－@－,8.0@50,
3200,標準型,A-D29,DAM105-1300-標準型-A-D29,PRC,1300,170,105,60,2.10,4.2,40000,3750,1180,1275,1420,200000,true,30,D29,19272,1164,345,200000,0,0,0,0,12.6,30,4～124～114～9,603500,695600,114163750000,1881.0,1091.0,4180.0,6156.0,17938.0,904.0,,,2458.0,3687.0,シアスパン比a=1.0の参考値。設計値は別途計算式による,－@－,8.0@50,
3201,標準型,A-D32,DAM105-1300-標準型-A-D32,PRC,1300,170,105,60,2.05,4.1,40000,3750,1180,1275,1420,200000,true,30,D32,23826,1161,345,200000,0,0,0,0,12.6,30,4～124～114～9,603500,713800,117163670000,1912.0,1101.0,4679.0,6932.0,18483.0,919.0,,,2530.0,3794.0,シアスパン比a=1.0の参考値。設計値は別途計算式による,－@－,8.0@50,
3202,標準型,A-D35,DAM105-1300-標準型-A-D35,PRC,1300,170,105,60,2.00,4.0,40000,3750,1180,1275,1420,200000,true,30,D35,28698,1158,345,200000,0,0,0,0,12.6,30,4～124～114～9,603500,733300,120345150000,1944.0,1111.0,5204.0,7722.0,19065.0,935.0,,,2596.0,3894.0,シアスパン比a=1.0の参考値。設計値は別途計算式による,－@－,8.0@50,
3203,標準型,A-D13,DAM105-1400-標準型-A-D13,PRC,1400,180,105,60,2.30,4.6,40000,4000,1270,1275,1420,200000,true,32,D13,4054,1270,345,200000,0,0,0,0,12.6,32,4～124～114～9,689900,722100,137642100000,2177.0,1293.0,2895.0,3915.0,18361.0,967.0,,,2310.0,3465.0,シアスパン比a=1.0の参考値。設計値は別途計算式による,－@－,8.0@50,
3204,標準型,A-D16,DAM105-1400-標準型-A-D16,PRC,1400,180,105,60,2.25,4.5,40000,4000,1270,1275,1420,200000,true,32,D16,6355,1267,345,200000,0,0,0,0,12.6,32,4～124～114～9,689900,731300,139472240000,2195.0,1299.0,3186.0,4369.0,18636.0,975.0,,,2400.0,3599.0,シアスパン比a=1.0の参考値。設計値は別途計算式による,－@－,8.0@50,
3205,標準型,A-D19,DAM105-1400-標準型-A-D19,PRC,1400,180,105,60,2.25,4.5,40000,4000,1270,1275,1420,200000,true,32,D19,9168,1264,345,200000,0,0,0,0,12.6,32,4～124～114～9,689900,742600,141693690000,2217.0,1306.0,3539.0,4920.0,18972.0,984.0,,,2490.0,3735.0,シアスパン比a=1.0の参考値。設計値は別途計算式による,－@－,8.0@50,
3206,標準型,A-D22,DAM105-1400-標準型-A-D22,PRC,1400,180,105,60,2.20,4.4,40000,4000,1270,1275,1420,200000,true,32,D22,12387,1261,345,200000,0,0,0,0,12.6,32,4～124～114～9,689900,755400,144216820000,2241.0,1314.0,3936.0,5546.0,19357.0,995.0,,,2576.0,3864.0,シアスパン比a=1.0の参考値。設計値は別途計算式による,－@－,8.0@50,
3207,標準型,A-D25,DAM105-1400-標準型-A-D25,PRC,1400,180,105,60,2.15,4.3,40000,4000,1270,1275,1420,200000,true,32,D25,16214,1258,345,200000,0,0,0,0,12.6,32,4～124～114～9,689900,770800,147196500000,2269.0,1323.0,4403.0,6284.0,19814.0,1008.0,,,2662.0,3993.0,シアスパン比a=1.0の参考値。設計値は別途計算式による,－@－,8.0@50,
3208,標準型,A-D29,DAM105-1400-標準型-A-D29,PRC,1400,180,105,60,2.10,4.2,40000,4000,1270,1275,1420,200000,true,32,D29,20557,1254,345,200000,0,0,0,0,12.6,32,4～124～114～9,689900,788100,150527130000,2301.0,1333.0,4925.0,7111.0,20334.0,1022.0,,,2746.0,4119.0,シアスパン比a=1.0の参考値。設計値は別途計算式による,－@－,8.0@50,
3209,標準型,A-D32,DAM105-1400-標準型-A-D32,PRC,1400,180,105,60,2.05,4.1,40000,4000,1270,1275,1420,200000,true,32,D32,25414,1251,345,200000,0,0,0,0,12.6,32,4～124～114～9,689900,807600,154248560000,2336.0,1344.0,5501.0,8027.0,20915.0,1038.0,,,2827.0,4240.0,シアスパン比a=1.0の参考値。設計値は別途計算式による,－@－,8.0@50,
3210,標準型,A-D35,DAM105-1400-標準型-A-D35,PRC,1400,180,105,60,2.00,4.0,40000,4000,1270,1275,1420,200000,true,32,D35,30611,1248,345,200000,0,0,0,0,12.6,32,4～124～114～9,689900,828300,158197750000,2373.0,1356.0,6109.0,8959.0,21536.0,1054.0,,,2902.0,4353.0,シアスパン比a=1.0の参考値。設計値は別途計算式による,－@－,8.0@50,
3211,標準型,A-D13,DAM105-1500-標準型-A-D13,PRC,1500,190,105,60,2.25,4.5,40000,4250,1360,1275,1420,200000,true,34,D13,4308,1360,345,200000,0,0,0,0,12.6,34,4～124～114～9,781900,816200,179176700000,2637.0,1562.0,3422.0,4478.0,20780.0,1088.0,,,2558.0,3837.0,シアスパン比a=1.0の参考値。設計値は別途計算式による,－@－,8.0@50,
3212,標準型,A-D16,DAM105-1500-標準型-A-D16,PRC,1500,190,105,60,2.25,4.5,40000,4250,1360,1275,1420,200000,true,34,D16,6752,1357,345,200000,0,0,0,0,12.6,34,4～124～114～9,781900,826000,181408630000,2658.0,1569.0,3755.0,4996.0,21072.0,1097.0,,,2658.0,3987.0,シアスパン比a=1.0の参考値。設計値は別途計算式による,－@－,8.0@50,
3213,標準型,A-D19,DAM105-1500-標準型-A-D19,PRC,1500,190,105,60,2.20,4.4,40000,4250,1360,1275,1420,200000,true,34,D19,9741,1354,345,200000,0,0,0,0,12.6,34,4～124～114～9,781900,837900,184119080000,2682.0,1577.0,4158.0,5626.0,21429.0,1107.0,,,2759.0,4139.0,シアスパン比a=1.0の参考値。設計値は別途計算式による,－@－,8.0@50,
3214,標準型,A-D22,DAM105-1500-標準型-A-D22,PRC,1500,190,105,60,2.20,4.4,40000,4250,1360,1275,1420,200000,true,34,D22,13161,1351,345,200000,0,0,0,0,12.6,34,4～124～114～9,781900,851600,187199180000,2710.0,1586.0,4613.0,6342.0,21838.0,1119.0,,,2856.0,4283.0,シアスパン比a=1.0の参考値。設計値は別途計算式による,－@－,8.0@50,
3215,標準型,A-D25,DAM105-1500-標準型-A-D25,PRC,1500,190,105,60,2.15,4.3,40000,4250,1360,1275,1420,200000,true,34,D25,17228,1348,345,200000,0,0,0,0,12.6,34,4～124～114～9,781900,867900,190838260000,2742.0,1597.0,5147.0,7187.0,22325.0,1132.0,,,2953.0,4429.0,シアスパン比a=1.0の参考値。設計値は別途計算式による,－@－,8.0@50,
3216,標準型,A-D29,DAM105-1500-標準型-A-D29,PRC,1500,190,105,60,2.10,4.2,40000,4250,1360,1275,1420,200000,true,34,D29,21842,1344,345,200000,0,0,0,0,12.6,34,4～124～114～9,781900,886300,194910090000,2778.0,1608.0,5744.0,8135.0,22876.0,1147.0,,,3046.0,4570.0,シアスパン比a=1.0の参考値。設計値は別途計算式による,－@－,8.0@50,
3217,標準型,A-D32,DAM105-1500-標準型-A-D32,PRC,1500,190,105,60,2.05,4.1,40000,4250,1360,1275,1420,200000,true,34,D32,27003,1341,345,200000,0,0,0,0,12.6,34,4～124～114～9,781900,907000,199460020000,2818.0,1621.0,6404.0,9185.0,23494.0,1164.0,,,3137.0,4706.0,シアスパン比a=1.0の参考値。設計値は別途計算式による,－@－,8.0@50,
3218,標準型,A-D35,DAM105-1500-標準型-A-D35,PRC,1500,190,105,60,2.00,4.0,40000,4250,1360,1275,1420,200000,true,34,D35,32524,1338,345,200000,0,0,0,0,12.6,34,4～124～114～9,781900,929000,204291090000,2860.0,1635.0,7100.0,10289.0,24154.0,1181.0,,,3222.0,4832.0,シアスパン比a=1.0の参考値。設計値は別途計算式による,－@－,8.0@50,
