Maker,Series,Shape,Name,Do,D,t,ThicknessType,Fc,PrestressType,PcDesignation,PcCount,Ap,PCD,Ao,Ae,Io,Ie,Ze,SigmaCeSpec,SigmaCeCalc,Nal,Mal,Mas,Mc,Mu,Qal,Qas,Qu,Ec,Ftp,SigmaPu,Ep,FcAllowCompLong,FcAllowCompShort,FcAllowDiagLong,FcAllowDiagShort,MassPerM,NodePitch,HeadOffset,ToeOffset,Note,ZeFromIe
ジャパンパイル,JP-NPH85,節杭,440-300,440.0,300.0,60.0,標準,85.0,A,7.1,6,240.0,240.0,45200.0,46200.0,346100000.0,353000000.0,2353000.0,4.0,4.0,924.0,11.0,14.0,27.0,42.0,58.0,76.0,101.0,40000,1275.0,1420.0,200000.0,24,48,1.2,1.8,0.148,1000.0,600.0,400.0,,2353333.3
ジャパンパイル,JP-NPH85,節杭,450-300,450.0,300.0,60.0,標準,85.0,A,7.1,6,240.0,240.0,45200.0,46200.0,346100000.0,353000000.0,2353000.0,4.0,4.0,924.0,11.0,14.0,27.0,42.0,58.0,76.0,101.0,40000,1275.0,1420.0,200000.0,24,48,1.2,1.8,0.15,1000.0,600.0,400.0,,2353333.3
ジャパンパイル,JP-NPH85,節杭,440-300,440.0,300.0,60.0,標準,85.0,A2,9.0,6,384.0,240.0,45200.0,46800.0,346100000.0,357100000.0,2381000.0,6.0,6.0,842.0,17.0,21.0,32.0,64.0,69.0,88.0,115.0,40000,1275.0,1420.0,200000.0,24,48,1.2,1.8,0.148,1000.0,600.0,400.0,,2380666.7
ジャパンパイル,JP-NPH85,節杭,450-300,450.0,300.0,60.0,標準,85.0,A2,9.0,6,384.0,240.0,45200.0,46800.0,346100000.0,357100000.0,2381000.0,6.0,6.0,842.0,17.0,21.0,32.0,64.0,69.0,88.0,115.0,40000,1275.0,1420.0,200000.0,24,48,1.2,1.8,0.15,1000.0,600.0,400.0,,2380666.7
ジャパンパイル,JP-NPH85,節杭,440-300,440.0,300.0,60.0,標準,85.0,B,10.0,6,471.0,240.0,45200.0,47100.0,346100000.0,359600000.0,2398000.0,8.0,7.8,763.0,23.0,28.0,37.0,75.0,77.0,98.0,127.0,40000,1275.0,1420.0,200000.0,24,48,1.2,1.8,0.148,1000.0,600.0,400.0,,2397333.3
ジャパンパイル,JP-NPH85,節杭,450-300,450.0,300.0,60.0,標準,85.0,B,10.0,6,471.0,240.0,45200.0,47100.0,346100000.0,359600000.0,2398000.0,8.0,7.8,763.0,23.0,28.0,37.0,75.0,77.0,98.0,127.0,40000,1275.0,1420.0,200000.0,24,48,1.2,1.8,0.15,1000.0,600.0,400.0,,2397333.3
ジャパンパイル,JP-NPH85,節杭,440-300,440.0,300.0,60.0,標準,85.0,C,11.2,6,600.0,240.0,45200.0,47600.0,346100000.0,363400000.0,2422000.0,10.0,9.8,676.0,30.0,36.0,42.0,91.0,86.0,108.0,138.0,40000,1275.0,1420.0,200000.0,24,48,1.2,1.8,0.148,1000.0,600.0,400.0,,2422666.7
ジャパンパイル,JP-NPH85,節杭,450-300,450.0,300.0,60.0,標準,85.0,C,11.2,6,600.0,240.0,45200.0,47600.0,346100000.0,363400000.0,2422000.0,10.0,9.8,676.0,30.0,36.0,42.0,91.0,86.0,108.0,138.0,40000,1275.0,1420.0,200000.0,24,48,1.2,1.8,0.15,1000.0,600.0,400.0,,2422666.7
ジャパンパイル,JP-NPH105,節杭,440-300,440.0,300.0,60.0,標準,105.0,A,7.1,6,240.0,240.0,45200.0,46200.0,346100000.0,353000000.0,2353000.0,4.0,4.0,1201.0,11.0,14.0,27.0,43.0,58.0,76.0,101.0,40000,1275.0,1420.0,200000.0,30,60,1.2,1.8,0.148,1000.0,600.0,400.0,,2353333.3
ジャパンパイル,JP-NPH105,節杭,450-300,450.0,300.0,60.0,標準,105.0,A,7.1,6,240.0,240.0,45200.0,46200.0,346100000.0,353000000.0,2353000.0,4.0,4.0,1201.0,11.0,14.0,27.0,43.0,58.0,76.0,101.0,40000,1275.0,1420.0,200000.0,30,60,1.2,1.8,0.15,1000.0,600.0,400.0,,2353333.3
ジャパンパイル,JP-NPH105,節杭,440-300,440.0,300.0,60.0,標準,105.0,A2,9.0,6,384.0,240.0,45200.0,46800.0,346100000.0,357100000.0,2381000.0,6.0,6.0,1123.0,17.0,21.0,32.0,64.0,69.0,88.0,115.0,40000,1275.0,1420.0,200000.0,30,60,1.2,1.8,0.148,1000.0,600.0,400.0,,2380666.7
ジャパンパイル,JP-NPH105,節杭,450-300,450.0,300.0,60.0,標準,105.0,A2,9.0,6,384.0,240.0,45200.0,46800.0,346100000.0,357100000.0,2381000.0,6.0,6.0,1123.0,17.0,21.0,32.0,64.0,69.0,88.0,115.0,40000,1275.0,1420.0,200000.0,30,60,1.2,1.8,0.15,1000.0,600.0,400.0,,2380666.7
ジャパンパイル,JP-NPH105,節杭,440-300,440.0,300.0,60.0,標準,105.0,B,10.0,6,471.0,240.0,45200.0,47100.0,346100000.0,359600000.0,2398000.0,8.0,7.8,1045.0,23.0,28.0,37.0,76.0,77.0,98.0,127.0,40000,1275.0,1420.0,200000.0,30,60,1.2,1.8,0.148,1000.0,600.0,400.0,,2397333.3
ジャパンパイル,JP-NPH105,節杭,450-300,450.0,300.0,60.0,標準,105.0,B,10.0,6,471.0,240.0,45200.0,47100.0,346100000.0,359600000.0,2398000.0,8.0,7.8,1045.0,23.0,28.0,37.0,76.0,77.0,98.0,127.0,40000,1275.0,1420.0,200000.0,30,60,1.2,1.8,0.15,1000.0,600.0,400.0,,2397333.3
ジャパンパイル,JP-NPH105,節杭,440-300,440.0,300.0,60.0,標準,105.0,C,11.2,6,600.0,240.0,45200.0,47600.0,346100000.0,363400000.0,2422000.0,10.0,9.8,961.0,30.0,36.0,42.0,92.0,86.0,108.0,138.0,40000,1275.0,1420.0,200000.0,30,60,1.2,1.8,0.148,1000.0,600.0,400.0,,2422666.7
ジャパンパイル,JP-NPH105,節杭,450-300,450.0,300.0,60.0,標準,105.0,C,11.2,6,600.0,240.0,45200.0,47600.0,346100000.0,363400000.0,2422000.0,10.0,9.8,961.0,30.0,36.0,42.0,92.0,86.0,108.0,138.0,40000,1275.0,1420.0,200000.0,30,60,1.2,1.8,0.15,1000.0,600.0,400.0,,2422666.7
ジャパンパイル,JP-NPH123,節杭,440-300,440.0,300.0,60.0,標準,123.0,A,7.1,6,240.0,240.0,45200.0,46100.0,346100000.0,352600000.0,2351000.0,4.0,4.0,1429.0,11.0,14.0,27.0,43.0,58.0,76.0,101.0,42000,1275.0,1420.0,200000.0,35,70,1.2,1.8,0.148,1000.0,600.0,400.0,,2350666.7
ジャパンパイル,JP-NPH123,節杭,450-300,450.0,300.0,60.0,標準,123.0,A,7.1,6,240.0,240.0,45200.0,46100.0,346100000.0,352600000.0,2351000.0,4.0,4.0,1429.0,11.0,14.0,27.0,43.0,58.0,76.0,101.0,42000,1275.0,1420.0,200000.0,35,70,1.2,1.8,0.15,1000.0,600.0,400.0,,2350666.7
ジャパンパイル,JP-NPH123,節杭,440-300,440.0,300.0,60.0,標準,123.0,A2,9.0,6,384.0,240.0,45200.0,46700.0,346100000.0,356500000.0,2377000.0,6.0,6.0,1354.0,17.0,21.0,32.0,66.0,69.0,88.0,115.0,42000,1275.0,1420.0,200000.0,35,70,1.2,1.8,0.148,1000.0,600.0,400.0,,2376666.7
ジャパンパイル,JP-NPH123,節杭,450-300,450.0,300.0,60.0,標準,123.0,A2,9.0,6,384.0,240.0,45200.0,46700.0,346100000.0,356500000.0,2377000.0,6.0,6.0,1354.0,17.0,21.0,32.0,66.0,69.0,88.0,115.0,42000,1275.0,1420.0,200000.0,35,70,1.2,1.8,0.15,1000.0,600.0,400.0,,2376666.7
ジャパンパイル,JP-NPH123,節杭,440-300,440.0,300.0,60.0,標準,123.0,B,10.0,6,471.0,240.0,45200.0,47000.0,346100000.0,358800000.0,2392000.0,8.0,7.8,1278.0,23.0,28.0,37.0,79.0,77.0,98.0,127.0,42000,1275.0,1420.0,200000.0,35,70,1.2,1.8,0.148,1000.0,600.0,400.0,,2392000.0
ジャパンパイル,JP-NPH123,節杭,450-300,450.0,300.0,60.0,標準,123.0,B,10.0,6,471.0,240.0,45200.0,47000.0,346100000.0,358800000.0,2392000.0,8.0,7.8,1278.0,23.0,28.0,37.0,79.0,77.0,98.0,127.0,42000,1275.0,1420.0,200000.0,35,70,1.2,1.8,0.15,1000.0,600.0,400.0,,2392000.0
ジャパンパイル,JP-NPH123,節杭,440-300,440.0,300.0,60.0,標準,123.0,C,11.2,6,600.0,240.0,45200.0,47500.0,346100000.0,362300000.0,2416000.0,10.0,9.8,1197.0,30.0,36.0,42.0,96.0,86.0,108.0,138.0,42000,1275.0,1420.0,200000.0,35,70,1.2,1.8,0.148,1000.0,600.0,400.0,,2415333.3
ジャパンパイル,JP-NPH123,節杭,450-300,450.0,300.0,60.0,標準,123.0,C,11.2,6,600.0,240.0,45200.0,47500.0,346100000.0,362300000.0,2416000.0,10.0,9.8,1197.0,30.0,36.0,42.0,96.0,86.0,108.0,138.0,42000,1275.0,1420.0,200000.0,35,70,1.2,1.8,0.15,1000.0,600.0,400.0,,2415333.3
ジャパンパイル,JP-NPH85,節杭,500-400,500.0,400.0,65.0,標準,85.0,A,7.1,10,400.0,335.0,68400.0,70000.0,995800000.0,1018000000.0,5091000.0,4.0,4.0,1400.0,25.0,30.0,58.0,96.0,87.0,113.0,151.0,40000,1275.0,1420.0,200000.0,24,48,1.2,1.8,0.2,1000.0,600.0,400.0,,5090000.0
ジャパンパイル,JP-NPH85,節杭,550-400,550.0,400.0,65.0,標準,85.0,A,7.1,10,400.0,335.0,68400.0,70000.0,995800000.0,1018000000.0,5091000.0,4.0,4.0,1400.0,25.0,30.0,58.0,96.0,87.0,113.0,151.0,40000,1275.0,1420.0,200000.0,24,48,1.2,1.8,0.219,1000.0,600.0,400.0,,5090000.0
ジャパンパイル,JP-NPH85,節杭,500-400,500.0,400.0,65.0,標準,85.0,A2,9.0,10,640.0,335.0,68400.0,71000.0,995800000.0,1032000000.0,5158000.0,6.0,6.0,1278.0,38.0,46.0,69.0,144.0,103.0,131.0,171.0,40000,1275.0,1420.0,200000.0,24,48,1.2,1.8,0.2,1000.0,600.0,400.0,,5160000.0
ジャパンパイル,JP-NPH85,節杭,550-400,550.0,400.0,65.0,標準,85.0,A2,9.0,10,640.0,335.0,68400.0,71000.0,995800000.0,1032000000.0,5158000.0,6.0,6.0,1278.0,38.0,46.0,69.0,144.0,103.0,131.0,171.0,40000,1275.0,1420.0,200000.0,24,48,1.2,1.8,0.219,1000.0,600.0,400.0,,5160000.0
ジャパンパイル,JP-NPH85,節杭,500-400,500.0,400.0,65.0,標準,85.0,B,10.0,10,785.0,335.0,68400.0,71600.0,995800000.0,1040000000.0,5199000.0,8.0,8.0,1145.0,52.0,62.0,80.0,170.0,116.0,147.0,190.0,40000,1275.0,1420.0,200000.0,24,48,1.2,1.8,0.2,1000.0,600.0,400.0,,5200000.0
ジャパンパイル,JP-NPH85,節杭,550-400,550.0,400.0,65.0,標準,85.0,B,10.0,10,785.0,335.0,68400.0,71600.0,995800000.0,1040000000.0,5199000.0,8.0,8.0,1145.0,52.0,62.0,80.0,170.0,116.0,147.0,190.0,40000,1275.0,1420.0,200000.0,24,48,1.2,1.8,0.219,1000.0,600.0,400.0,,5200000.0
ジャパンパイル,JP-NPH85,節杭,500-400,500.0,400.0,65.0,標準,85.0,C,11.2,10,1000.0,335.0,68400.0,72400.0,995800000.0,1052000000.0,5259000.0,10.0,10.0,1013.0,65.0,78.0,92.0,206.0,128.0,161.0,207.0,40000,1275.0,1420.0,200000.0,24,48,1.2,1.8,0.2,1000.0,600.0,400.0,,5260000.0
ジャパンパイル,JP-NPH85,節杭,550-400,550.0,400.0,65.0,標準,85.0,C,11.2,10,1000.0,335.0,68400.0,72400.0,995800000.0,1052000000.0,5259000.0,10.0,10.0,1013.0,65.0,78.0,92.0,206.0,128.0,161.0,207.0,40000,1275.0,1420.0,200000.0,24,48,1.2,1.8,0.219,1000.0,600.0,400.0,,5260000.0
ジャパンパイル,JP-NPH105,節杭,500-400,500.0,400.0,65.0,標準,105.0,A,7.1,10,400.0,335.0,68400.0,70000.0,995800000.0,1018000000.0,5091000.0,4.0,4.0,1820.0,25.0,30.0,58.0,96.0,87.0,113.0,151.0,40000,1275.0,1420.0,200000.0,30,60,1.2,1.8,0.2,1000.0,600.0,400.0,,5090000.0
ジャパンパイル,JP-NPH105,節杭,550-400,550.0,400.0,65.0,標準,105.0,A,7.1,10,400.0,335.0,68400.0,70000.0,995800000.0,1018000000.0,5091000.0,4.0,4.0,1820.0,25.0,30.0,58.0,96.0,87.0,113.0,151.0,40000,1275.0,1420.0,200000.0,30,60,1.2,1.8,0.219,1000.0,600.0,400.0,,5090000.0
ジャパンパイル,JP-NPH105,節杭,500-400,500.0,400.0,80.0,特厚,105.0,AH,7.1,10,400.0,335.0,80400.0,82000.0,1094000000.0,1116000000.0,5581000.0,3.4,3.4,2181.0,23.0,28.0,60.0,96.0,98.0,128.0,172.0,40000,1275.0,1420.0,200000.0,30,60,1.2,1.8,0.231,1000.0,600.0,400.0,,5580000.0
ジャパンパイル,JP-NPH105,節杭,550-400,550.0,400.0,80.0,特厚,105.0,AH,7.1,10,400.0,335.0,80400.0,82000.0,1094000000.0,1116000000.0,5581000.0,3.4,3.4,2181.0,23.0,28.0,60.0,96.0,98.0,128.0,172.0,40000,1275.0,1420.0,200000.0,30,60,1.2,1.8,0.251,1000.0,600.0,400.0,,5580000.0
ジャパンパイル,JP-NPH105,節杭,500-400,500.0,400.0,65.0,標準,105.0,A2,9.0,10,640.0,335.0,68400.0,71000.0,995800000.0,1032000000.0,5158000.0,6.0,6.0,1704.0,38.0,46.0,69.0,146.0,103.0,131.0,171.0,40000,1275.0,1420.0,200000.0,30,60,1.2,1.8,0.2,1000.0,600.0,400.0,,5160000.0
ジャパンパイル,JP-NPH105,節杭,550-400,550.0,400.0,65.0,標準,105.0,A2,9.0,10,640.0,335.0,68400.0,71000.0,995800000.0,1032000000.0,5158000.0,6.0,6.0,1704.0,38.0,46.0,69.0,146.0,103.0,131.0,171.0,40000,1275.0,1420.0,200000.0,30,60,1.2,1.8,0.219,1000.0,600.0,400.0,,5160000.0
ジャパンパイル,JP-NPH105,節杭,500-400,500.0,400.0,80.0,特厚,105.0,A2H,9.0,10,640.0,335.0,80400.0,83000.0,1094000000.0,1130000000.0,5648000.0,5.1,5.1,2066.0,36.0,43.0,71.0,146.0,115.0,147.0,194.0,40000,1275.0,1420.0,200000.0,30,60,1.2,1.8,0.231,1000.0,600.0,400.0,,5650000.0
ジャパンパイル,JP-NPH105,節杭,550-400,550.0,400.0,80.0,特厚,105.0,A2H,9.0,10,640.0,335.0,80400.0,83000.0,1094000000.0,1130000000.0,5648000.0,5.1,5.1,2066.0,36.0,43.0,71.0,146.0,115.0,147.0,194.0,40000,1275.0,1420.0,200000.0,30,60,1.2,1.8,0.251,1000.0,600.0,400.0,,5650000.0
ジャパンパイル,JP-NPH105,節杭,500-400,500.0,400.0,65.0,標準,105.0,B,10.0,10,785.0,335.0,68400.0,71600.0,995800000.0,1040000000.0,5199000.0,8.0,8.0,1575.0,52.0,62.0,80.0,173.0,116.0,147.0,190.0,40000,1275.0,1420.0,200000.0,30,60,1.2,1.8,0.2,1000.0,600.0,400.0,,5200000.0
ジャパンパイル,JP-NPH105,節杭,550-400,550.0,400.0,65.0,標準,105.0,B,10.0,10,785.0,335.0,68400.0,71600.0,995800000.0,1040000000.0,5199000.0,8.0,8.0,1575.0,52.0,62.0,80.0,173.0,116.0,147.0,190.0,40000,1275.0,1420.0,200000.0,30,60,1.2,1.8,0.219,1000.0,600.0,400.0,,5200000.0
ジャパンパイル,JP-NPH105,節杭,500-400,500.0,400.0,80.0,特厚,105.0,BH,10.0,10,785.0,335.0,80400.0,83600.0,1094000000.0,1138000000.0,5689000.0,6.8,6.8,1939.0,48.0,58.0,81.0,173.0,129.0,164.0,214.0,40000,1275.0,1420.0,200000.0,30,60,1.2,1.8,0.231,1000.0,600.0,400.0,,5690000.0
ジャパンパイル,JP-NPH105,節杭,550-400,550.0,400.0,80.0,特厚,105.0,BH,10.0,10,785.0,335.0,80400.0,83600.0,1094000000.0,1138000000.0,5689000.0,6.8,6.8,1939.0,48.0,58.0,81.0,173.0,129.0,164.0,214.0,40000,1275.0,1420.0,200000.0,30,60,1.2,1.8,0.251,1000.0,600.0,400.0,,5690000.0
ジャパンパイル,JP-NPH105,節杭,500-400,500.0,400.0,65.0,標準,105.0,C,11.2,10,1000.0,335.0,68400.0,72400.0,995800000.0,1052000000.0,5259000.0,10.0,10.0,1448.0,65.0,78.0,92.0,209.0,128.0,161.0,207.0,40000,1275.0,1420.0,200000.0,30,60,1.2,1.8,0.2,1000.0,600.0,400.0,,5260000.0
ジャパンパイル,JP-NPH105,節杭,550-400,550.0,400.0,65.0,標準,105.0,C,11.2,10,1000.0,335.0,68400.0,72400.0,995800000.0,1052000000.0,5259000.0,10.0,10.0,1448.0,65.0,78.0,92.0,209.0,128.0,161.0,207.0,40000,1275.0,1420.0,200000.0,30,60,1.2,1.8,0.219,1000.0,600.0,400.0,,5260000.0
ジャパンパイル,JP-NPH105,節杭,500-400,500.0,400.0,80.0,特厚,105.0,CH,11.2,10,1000.0,335.0,80400.0,84400.0,1094000000.0,1150000000.0,5749000.0,8.5,8.5,1814.0,61.0,73.0,91.0,209.0,142.0,180.0,232.0,40000,1275.0,1420.0,200000.0,30,60,1.2,1.8,0.231,1000.0,600.0,400.0,,5750000.0
ジャパンパイル,JP-NPH105,節杭,550-400,550.0,400.0,80.0,特厚,105.0,CH,11.2,10,1000.0,335.0,80400.0,84400.0,1094000000.0,1150000000.0,5749000.0,8.5,8.5,1814.0,61.0,73.0,91.0,209.0,142.0,180.0,232.0,40000,1275.0,1420.0,200000.0,30,60,1.2,1.8,0.251,1000.0,600.0,400.0,,5750000.0
ジャパンパイル,JP-NPH123,節杭,500-400,500.0,400.0,65.0,標準,123.0,A,7.1,10,400.0,335.0,68400.0,69900.0,995800000.0,1017000000.0,5084000.0,4.0,4.0,2166.0,25.0,30.0,58.0,98.0,87.0,113.0,151.0,42000,1275.0,1420.0,200000.0,35,70,1.2,1.8,0.2,1000.0,600.0,400.0,,5085000.0
ジャパンパイル,JP-NPH123,節杭,550-400,550.0,400.0,65.0,標準,123.0,A,7.1,10,400.0,335.0,68400.0,69900.0,995800000.0,1017000000.0,5084000.0,4.0,4.0,2166.0,25.0,30.0,58.0,98.0,87.0,113.0,151.0,42000,1275.0,1420.0,200000.0,35,70,1.2,1.8,0.219,1000.0,600.0,400.0,,5085000.0
ジャパンパイル,JP-NPH123,節杭,500-400,500.0,400.0,80.0,特厚,123.0,AH,7.1,10,400.0,335.0,80400.0,81900.0,1094000000.0,1115000000.0,5574000.0,3.4,3.4,2588.0,23.0,28.0,60.0,98.0,98.0,128.0,172.0,42000,1275.0,1420.0,200000.0,35,70,1.2,1.8,0.231,1000.0,600.0,400.0,,5575000.0
ジャパンパイル,JP-NPH123,節杭,550-400,550.0,400.0,80.0,特厚,123.0,AH,7.1,10,400.0,335.0,80400.0,81900.0,1094000000.0,1115000000.0,5574000.0,3.4,3.4,2588.0,23.0,28.0,60.0,98.0,98.0,128.0,172.0,42000,1275.0,1420.0,200000.0,35,70,1.2,1.8,0.251,1000.0,600.0,400.0,,5575000.0
ジャパンパイル,JP-NPH123,節杭,500-400,500.0,400.0,65.0,標準,123.0,A2,9.0,10,640.0,335.0,68400.0,70800.0,995800000.0,1030000000.0,5148000.0,6.0,6.0,2053.0,38.0,46.0,69.0,149.0,103.0,131.0,171.0,42000,1275.0,1420.0,200000.0,35,70,1.2,1.8,0.2,1000.0,600.0,400.0,,5150000.0
ジャパンパイル,JP-NPH123,節杭,550-400,550.0,400.0,65.0,標準,123.0,A2,9.0,10,640.0,335.0,68400.0,70800.0,995800000.0,1030000000.0,5148000.0,6.0,6.0,2053.0,38.0,46.0,69.0,149.0,103.0,131.0,171.0,42000,1275.0,1420.0,200000.0,35,70,1.2,1.8,0.219,1000.0,600.0,400.0,,5150000.0
ジャパンパイル,JP-NPH123,節杭,500-400,500.0,400.0,80.0,特厚,123.0,A2H,9.0,10,640.0,335.0,80400.0,82800.0,1094000000.0,1128000000.0,5638000.0,5.1,5.1,2475.0,35.0,43.0,71.0,149.0,115.0,147.0,194.0,42000,1275.0,1420.0,200000.0,35,70,1.2,1.8,0.231,1000.0,600.0,400.0,,5640000.0
ジャパンパイル,JP-NPH123,節杭,550-400,550.0,400.0,80.0,特厚,123.0,A2H,9.0,10,640.0,335.0,80400.0,82800.0,1094000000.0,1128000000.0,5638000.0,5.1,5.1,2475.0,35.0,43.0,71.0,149.0,115.0,147.0,194.0,42000,1275.0,1420.0,200000.0,35,70,1.2,1.8,0.251,1000.0,600.0,400.0,,5640000.0
ジャパンパイル,JP-NPH123,節杭,500-400,500.0,400.0,65.0,標準,123.0,B,10.0,10,785.0,335.0,68400.0,71400.0,995800000.0,1037000000.0,5186000.0,8.0,8.0,1927.0,51.0,62.0,80.0,178.0,116.0,147.0,190.0,42000,1275.0,1420.0,200000.0,35,70,1.2,1.8,0.2,1000.0,600.0,400.0,,5185000.0
ジャパンパイル,JP-NPH123,節杭,550-400,550.0,400.0,65.0,標準,123.0,B,10.0,10,785.0,335.0,68400.0,71400.0,995800000.0,1037000000.0,5186000.0,8.0,8.0,1927.0,51.0,62.0,80.0,178.0,116.0,147.0,190.0,42000,1275.0,1420.0,200000.0,35,70,1.2,1.8,0.219,1000.0,600.0,400.0,,5185000.0
ジャパンパイル,JP-NPH123,節杭,500-400,500.0,400.0,80.0,特厚,123.0,BH,10.0,10,785.0,335.0,80400.0,83400.0,1094000000.0,1135000000.0,5676000.0,6.8,6.8,2351.0,48.0,57.0,81.0,178.0,129.0,164.0,214.0,42000,1275.0,1420.0,200000.0,35,70,1.2,1.8,0.231,1000.0,600.0,400.0,,5675000.0
ジャパンパイル,JP-NPH123,節杭,550-400,550.0,400.0,80.0,特厚,123.0,BH,10.0,10,785.0,335.0,80400.0,83400.0,1094000000.0,1135000000.0,5676000.0,6.8,6.8,2351.0,48.0,57.0,81.0,178.0,129.0,164.0,214.0,42000,1275.0,1420.0,200000.0,35,70,1.2,1.8,0.251,1000.0,600.0,400.0,,5675000.0
ジャパンパイル,JP-NPH123,節杭,500-400,500.0,400.0,65.0,標準,123.0,C,11.2,10,1000.0,335.0,68400.0,72200.0,995800000.0,1049000000.0,5243000.0,10.0,10.0,1805.0,65.0,78.0,91.0,217.0,128.0,161.0,207.0,42000,1275.0,1420.0,200000.0,35,70,1.2,1.8,0.2,1000.0,600.0,400.0,,5245000.0
ジャパンパイル,JP-NPH123,節杭,550-400,550.0,400.0,65.0,標準,123.0,C,11.2,10,1000.0,335.0,68400.0,72200.0,995800000.0,1049000000.0,5243000.0,10.0,10.0,1805.0,65.0,78.0,91.0,217.0,128.0,161.0,207.0,42000,1275.0,1420.0,200000.0,35,70,1.2,1.8,0.219,1000.0,600.0,400.0,,5245000.0
ジャパンパイル,JP-NPH123,節杭,500-400,500.0,400.0,80.0,特厚,123.0,CH,11.2,10,1000.0,335.0,80400.0,84200.0,1094000000.0,1147000000.0,5733000.0,8.5,8.5,2231.0,60.0,73.0,91.0,217.0,142.0,180.0,232.0,42000,1275.0,1420.0,200000.0,35,70,1.2,1.8,0.231,1000.0,600.0,400.0,,5735000.0
ジャパンパイル,JP-NPH123,節杭,550-400,550.0,400.0,80.0,特厚,123.0,CH,11.2,10,1000.0,335.0,80400.0,84200.0,1094000000.0,1147000000.0,5733000.0,8.5,8.5,2231.0,60.0,73.0,91.0,217.0,142.0,180.0,232.0,42000,1275.0,1420.0,200000.0,35,70,1.2,1.8,0.251,1000.0,600.0,400.0,,5735000.0
ジャパンパイル,JP-NPH85,節杭,600-450,600.0,450.0,70.0,標準,85.0,A,7.1,12,480.0,380.0,83600.0,85500.0,1560000000.0,1594000000.0,7085000.0,4.0,4.0,1710.0,35.0,42.0,81.0,130.0,106.0,138.0,184.0,40000,1275.0,1420.0,200000.0,24,48,1.2,1.8,0.263,1000.0,600.0,400.0,,7084444.4
ジャパンパイル,JP-NPH85,節杭,600-450,600.0,450.0,70.0,標準,85.0,B,10.0,12,942.0,380.0,83600.0,87300.0,1560000000.0,1628000000.0,7234000.0,8.0,8.0,1396.0,72.0,86.0,112.0,233.0,141.0,179.0,232.0,40000,1275.0,1420.0,200000.0,24,48,1.2,1.8,0.263,1000.0,600.0,400.0,,7235555.6
ジャパンパイル,JP-NPH85,節杭,600-450,600.0,450.0,70.0,標準,85.0,C,11.2,12,1200.0,380.0,83600.0,88400.0,1560000000.0,1646000000.0,7316000.0,10.0,10.0,1237.0,91.0,109.0,128.0,282.0,156.0,196.0,252.0,40000,1275.0,1420.0,200000.0,24,48,1.2,1.8,0.263,1000.0,600.0,400.0,,7315555.6
ジャパンパイル,JP-NPH105,節杭,600-450,600.0,450.0,70.0,標準,105.0,A,7.1,12,480.0,380.0,83600.0,85500.0,1560000000.0,1594000000.0,7085000.0,4.0,4.0,2223.0,35.0,42.0,81.0,131.0,106.0,138.0,184.0,40000,1275.0,1420.0,200000.0,30,60,1.2,1.8,0.263,1000.0,600.0,400.0,,7084444.4
ジャパンパイル,JP-NPH105,節杭,600-450,600.0,450.0,85.0,特厚,105.0,AH,7.1,12,480.0,380.0,97500.0,99400.0,1710000000.0,1746000000.0,7759000.0,3.4,3.4,2644.0,33.0,39.0,84.0,131.0,118.0,154.0,208.0,40000,1275.0,1420.0,200000.0,30,60,1.2,1.8,0.3,1000.0,600.0,400.0,,7760000.0
ジャパンパイル,JP-NPH105,節杭,600-450,600.0,450.0,70.0,標準,105.0,B,10.0,12,942.0,380.0,83600.0,87300.0,1560000000.0,1628000000.0,7234000.0,8.0,8.0,1920.0,72.0,86.0,112.0,237.0,141.0,179.0,232.0,40000,1275.0,1420.0,200000.0,30,60,1.2,1.8,0.263,1000.0,600.0,400.0,,7235555.6
ジャパンパイル,JP-NPH105,節杭,600-450,600.0,450.0,85.0,特厚,105.0,BH,10.0,12,942.0,380.0,97500.0,101200.0,1710000000.0,1779000000.0,7907000.0,6.9,6.9,2337.0,67.0,81.0,113.0,237.0,156.0,199.0,259.0,40000,1275.0,1420.0,200000.0,30,60,1.2,1.8,0.3,1000.0,600.0,400.0,,7906666.7
ジャパンパイル,JP-NPH105,節杭,600-450,600.0,450.0,70.0,標準,105.0,C,11.2,12,1200.0,380.0,83600.0,88400.0,1560000000.0,1646000000.0,7316000.0,10.0,10.0,1768.0,91.0,109.0,128.0,286.0,156.0,196.0,252.0,40000,1275.0,1420.0,200000.0,30,60,1.2,1.8,0.263,1000.0,600.0,400.0,,7315555.6
ジャパンパイル,JP-NPH105,節杭,600-450,600.0,450.0,85.0,特厚,105.0,CH,11.2,12,1200.0,380.0,97500.0,102300.0,1710000000.0,1798000000.0,7990000.0,8.6,8.6,2189.0,85.0,102.0,128.0,287.0,172.0,217.0,281.0,40000,1275.0,1420.0,200000.0,30,60,1.2,1.8,0.3,1000.0,600.0,400.0,,7991111.1
ジャパンパイル,JP-NPH123,節杭,600-450,600.0,450.0,70.0,標準,123.0,A,7.1,12,480.0,380.0,83600.0,85400.0,1560000000.0,1592000000.0,7076000.0,4.0,4.0,2647.0,35.0,42.0,81.0,133.0,106.0,138.0,184.0,42000,1275.0,1420.0,200000.0,35,70,1.2,1.8,0.263,1000.0,600.0,400.0,,7075555.6
ジャパンパイル,JP-NPH123,節杭,600-450,600.0,450.0,85.0,特厚,123.0,AH,7.1,12,480.0,380.0,97500.0,99300.0,1710000000.0,1744000000.0,7750000.0,3.4,3.4,3137.0,33.0,39.0,84.0,133.0,118.0,154.0,208.0,42000,1275.0,1420.0,200000.0,35,70,1.2,1.8,0.3,1000.0,600.0,400.0,,7751111.1
ジャパンパイル,JP-NPH123,節杭,600-450,600.0,450.0,70.0,標準,123.0,B,10.0,12,942.0,380.0,83600.0,87100.0,1560000000.0,1624000000.0,7216000.0,8.0,8.0,2351.0,72.0,86.0,111.0,243.0,141.0,179.0,232.0,42000,1275.0,1420.0,200000.0,35,70,1.2,1.8,0.263,1000.0,600.0,400.0,,7217777.8
ジャパンパイル,JP-NPH123,節杭,600-450,600.0,450.0,85.0,特厚,123.0,BH,10.0,12,942.0,380.0,97500.0,101000.0,1710000000.0,1775000000.0,7889000.0,6.9,6.9,2838.0,67.0,81.0,113.0,243.0,156.0,199.0,259.0,42000,1275.0,1420.0,200000.0,35,70,1.2,1.8,0.3,1000.0,600.0,400.0,,7888888.9
ジャパンパイル,JP-NPH123,節杭,600-450,600.0,450.0,70.0,標準,123.0,C,11.2,12,1200.0,380.0,83600.0,88100.0,1560000000.0,1641000000.0,7294000.0,10.0,10.0,2202.0,91.0,109.0,127.0,297.0,156.0,196.0,252.0,42000,1275.0,1420.0,200000.0,35,70,1.2,1.8,0.263,1000.0,600.0,400.0,,7293333.3
ジャパンパイル,JP-NPH123,節杭,600-450,600.0,450.0,85.0,特厚,123.0,CH,11.2,12,1200.0,380.0,97500.0,102000.0,1710000000.0,1793000000.0,7967000.0,8.6,8.6,2692.0,85.0,102.0,127.0,297.0,172.0,217.0,281.0,42000,1275.0,1420.0,200000.0,35,70,1.2,1.8,0.3,1000.0,600.0,400.0,,7968888.9
ジャパンパイル,JP-NPH85,節杭,650-500,650.0,500.0,80.0,標準,85.0,A,7.1,14,560.0,420.0,105600.0,107800.0,2412000000.0,2461000000.0,9846000.0,4.0,4.0,2156.0,49.0,59.0,113.0,170.0,135.0,174.0,232.0,40000,1275.0,1420.0,200000.0,24,48,1.2,1.8,0.325,1000.0,600.0,400.0,,9844000.0
ジャパンパイル,JP-NPH85,節杭,650-500,650.0,500.0,80.0,標準,85.0,B,10.0,14,1099.0,420.0,105600.0,110000.0,2412000000.0,2509000000.0,10040000.0,8.0,7.8,1782.0,98.0,117.0,153.0,307.0,178.0,225.0,291.0,40000,1275.0,1420.0,200000.0,24,48,1.2,1.8,0.325,1000.0,600.0,400.0,,10036000.0
ジャパンパイル,JP-NPH85,節杭,650-500,650.0,500.0,80.0,標準,85.0,C,11.2,14,1400.0,420.0,105600.0,111200.0,2412000000.0,2535000000.0,10140000.0,10.0,9.8,1579.0,124.0,149.0,175.0,371.0,196.0,247.0,317.0,40000,1275.0,1420.0,200000.0,24,48,1.2,1.8,0.325,1000.0,600.0,400.0,,10140000.0
ジャパンパイル,JP-NPH105,節杭,650-500,650.0,500.0,80.0,標準,105.0,A,7.1,14,560.0,420.0,105600.0,107800.0,2412000000.0,2461000000.0,9846000.0,4.0,4.0,2802.0,49.0,59.0,113.0,171.0,135.0,174.0,232.0,40000,1275.0,1420.0,200000.0,30,60,1.2,1.8,0.325,1000.0,600.0,400.0,,9844000.0
ジャパンパイル,JP-NPH105,節杭,650-500,650.0,500.0,100.0,特厚,105.0,AH,7.1,14,560.0,420.0,125700.0,127900.0,2670000000.0,2720000000.0,10880000.0,3.4,3.4,3402.0,45.0,54.0,118.0,171.0,152.0,199.0,268.0,40000,1275.0,1420.0,200000.0,30,60,1.2,1.8,0.377,1000.0,600.0,400.0,,10880000.0
ジャパンパイル,JP-NPH105,節杭,650-500,650.0,500.0,80.0,標準,105.0,B,10.0,14,1099.0,420.0,105600.0,110000.0,2412000000.0,2509000000.0,10040000.0,8.0,7.8,2442.0,98.0,117.0,153.0,311.0,178.0,225.0,291.0,40000,1275.0,1420.0,200000.0,30,60,1.2,1.8,0.325,1000.0,600.0,400.0,,10036000.0
ジャパンパイル,JP-NPH105,節杭,650-500,650.0,500.0,100.0,特厚,105.0,BH,10.0,14,1099.0,420.0,125700.0,130100.0,2670000000.0,2767000000.0,11070000.0,6.5,6.5,3057.0,90.0,108.0,155.0,310.0,199.0,253.0,330.0,40000,1275.0,1420.0,200000.0,30,60,1.2,1.8,0.377,1000.0,600.0,400.0,,11068000.0
ジャパンパイル,JP-NPH105,節杭,650-500,650.0,500.0,80.0,標準,105.0,C,11.2,14,1400.0,420.0,105600.0,111200.0,2412000000.0,2535000000.0,10140000.0,10.0,9.8,2246.0,124.0,149.0,175.0,377.0,196.0,247.0,317.0,40000,1275.0,1420.0,200000.0,30,60,1.2,1.8,0.325,1000.0,600.0,400.0,,10140000.0
ジャパンパイル,JP-NPH105,節杭,650-500,650.0,500.0,100.0,特厚,105.0,CH,11.2,14,1400.0,420.0,125700.0,131300.0,2670000000.0,2794000000.0,11180000.0,8.2,8.2,2862.0,114.0,137.0,175.0,377.0,219.0,277.0,358.0,40000,1275.0,1420.0,200000.0,30,60,1.2,1.8,0.377,1000.0,600.0,400.0,,11176000.0
ジャパンパイル,JP-NPH123,節杭,650-500,650.0,500.0,80.0,標準,123.0,A,7.1,14,560.0,420.0,105600.0,107700.0,2412000000.0,2458000000.0,9834000.0,4.0,4.0,3338.0,49.0,59.0,113.0,174.0,135.0,174.0,232.0,42000,1275.0,1420.0,200000.0,35,70,1.2,1.8,0.325,1000.0,600.0,400.0,,9832000.0
ジャパンパイル,JP-NPH123,節杭,650-500,650.0,500.0,100.0,特厚,123.0,AH,7.1,14,560.0,420.0,125700.0,127800.0,2670000000.0,2717000000.0,10870000.0,3.4,3.4,4038.0,45.0,54.0,118.0,174.0,152.0,199.0,268.0,42000,1275.0,1420.0,200000.0,35,70,1.2,1.8,0.377,1000.0,600.0,400.0,,10868000.0
ジャパンパイル,JP-NPH123,節杭,650-500,650.0,500.0,80.0,標準,123.0,B,10.0,14,1099.0,420.0,105600.0,109700.0,2412000000.0,2503000000.0,10010000.0,8.0,7.8,2983.0,98.0,117.0,153.0,319.0,178.0,225.0,291.0,42000,1275.0,1420.0,200000.0,35,70,1.2,1.8,0.325,1000.0,600.0,400.0,,10012000.0
ジャパンパイル,JP-NPH123,節杭,650-500,650.0,500.0,100.0,特厚,123.0,BH,10.0,14,1099.0,420.0,125700.0,129800.0,2670000000.0,2762000000.0,11050000.0,6.5,6.5,3699.0,90.0,108.0,155.0,318.0,199.0,253.0,330.0,42000,1275.0,1420.0,200000.0,35,70,1.2,1.8,0.377,1000.0,600.0,400.0,,11048000.0
ジャパンパイル,JP-NPH123,節杭,650-500,650.0,500.0,80.0,標準,123.0,C,11.2,14,1400.0,420.0,105600.0,110800.0,2412000000.0,2528000000.0,10110000.0,10.0,9.8,2792.0,124.0,149.0,175.0,390.0,196.0,247.0,317.0,42000,1275.0,1420.0,200000.0,35,70,1.2,1.8,0.325,1000.0,600.0,400.0,,10112000.0
ジャパンパイル,JP-NPH123,節杭,650-500,650.0,500.0,100.0,特厚,123.0,CH,11.2,14,1400.0,420.0,125700.0,130900.0,2670000000.0,2786000000.0,11150000.0,8.2,8.2,3508.0,114.0,137.0,175.0,390.0,219.0,277.0,358.0,42000,1275.0,1420.0,200000.0,35,70,1.2,1.8,0.377,1000.0,600.0,400.0,,11144000.0
ジャパンパイル,JP-NPH85,節杭,800-600,800.0,600.0,90.0,標準,85.0,A,10.0,10,785.0,510.0,144200.0,147300.0,4834000000.0,4936000000.0,16460000.0,4.0,4.0,2946.0,82.0,98.0,189.0,287.0,183.0,237.0,317.0,40000,1275.0,1420.0,200000.0,24,48,1.2,1.8,0.484,1000.0,600.0,400.0,,16453333.3
ジャパンパイル,JP-NPH85,節杭,700-600,700.0,600.0,90.0,標準,85.0,A,10.0,10,785.0,510.0,144200.0,147300.0,4834000000.0,4936000000.0,16460000.0,4.0,4.0,2946.0,82.0,98.0,189.0,287.0,183.0,237.0,317.0,40000,1275.0,1420.0,200000.0,24,48,1.2,1.8,0.44,1000.0,600.0,400.0,,16453333.3
ジャパンパイル,JP-NPH85,節杭,800-600,800.0,600.0,90.0,標準,85.0,B,10.0,20,1570.0,510.0,144200.0,150500.0,4834000000.0,5038000000.0,16800000.0,8.0,8.0,2408.0,167.0,201.0,260.0,527.0,244.0,309.0,400.0,40000,1275.0,1420.0,200000.0,24,48,1.2,1.8,0.484,1000.0,600.0,400.0,,16793333.3
ジャパンパイル,JP-NPH85,節杭,700-600,700.0,600.0,90.0,標準,85.0,B,10.0,20,1570.0,510.0,144200.0,150500.0,4834000000.0,5038000000.0,16800000.0,8.0,8.0,2408.0,167.0,201.0,260.0,527.0,244.0,309.0,400.0,40000,1275.0,1420.0,200000.0,24,48,1.2,1.8,0.44,1000.0,600.0,400.0,,16793333.3
ジャパンパイル,JP-NPH85,節杭,800-600,800.0,600.0,90.0,標準,85.0,C,11.2,20,2000.0,510.0,144200.0,152200.0,4834000000.0,5094000000.0,16980000.0,10.0,10.0,2130.0,212.0,254.0,297.0,637.0,269.0,339.0,435.0,40000,1275.0,1420.0,200000.0,24,48,1.2,1.8,0.484,1000.0,600.0,400.0,,16980000.0
ジャパンパイル,JP-NPH85,節杭,700-600,700.0,600.0,90.0,標準,85.0,C,11.2,20,2000.0,510.0,144200.0,152200.0,4834000000.0,5094000000.0,16980000.0,10.0,10.0,2130.0,212.0,254.0,297.0,637.0,269.0,339.0,435.0,40000,1275.0,1420.0,200000.0,24,48,1.2,1.8,0.44,1000.0,600.0,400.0,,16980000.0
ジャパンパイル,JP-NPH105,節杭,800-600,800.0,600.0,90.0,標準,105.0,A,10.0,10,785.0,510.0,144200.0,147300.0,4834000000.0,4936000000.0,16460000.0,4.0,4.0,3829.0,82.0,98.0,189.0,289.0,183.0,237.0,317.0,40000,1275.0,1420.0,200000.0,30,60,1.2,1.8,0.484,1000.0,600.0,400.0,,16453333.3
ジャパンパイル,JP-NPH105,節杭,700-600,700.0,600.0,90.0,標準,105.0,A,10.0,10,785.0,510.0,144200.0,147300.0,4834000000.0,4936000000.0,16460000.0,4.0,4.0,3829.0,82.0,98.0,189.0,289.0,183.0,237.0,317.0,40000,1275.0,1420.0,200000.0,30,60,1.2,1.8,0.44,1000.0,600.0,400.0,,16453333.3
ジャパンパイル,JP-NPH105,節杭,800-600,800.0,600.0,110.0,特厚,105.0,AH,10.0,10,785.0,510.0,169300.0,172500.0,5338000000.0,5440000000.0,18130000.0,3.4,3.4,4588.0,77.0,92.0,197.0,289.0,205.0,267.0,359.0,40000,1275.0,1420.0,200000.0,30,60,1.2,1.8,0.55,1000.0,600.0,400.0,,18133333.3
ジャパンパイル,JP-NPH105,節杭,700-600,700.0,600.0,110.0,特厚,105.0,AH,10.0,10,785.0,510.0,169300.0,172500.0,5338000000.0,5440000000.0,18130000.0,3.4,3.4,4588.0,77.0,92.0,197.0,289.0,205.0,267.0,359.0,40000,1275.0,1420.0,200000.0,30,60,1.2,1.8,0.505,1000.0,600.0,400.0,,18133333.3
ジャパンパイル,JP-NPH105,節杭,800-600,800.0,600.0,90.0,標準,105.0,B,10.0,20,1570.0,510.0,144200.0,150500.0,4834000000.0,5038000000.0,16800000.0,8.0,8.0,3311.0,167.0,201.0,260.0,534.0,244.0,309.0,400.0,40000,1275.0,1420.0,200000.0,30,60,1.2,1.8,0.484,1000.0,600.0,400.0,,16793333.3
ジャパンパイル,JP-NPH105,節杭,700-600,700.0,600.0,90.0,標準,105.0,B,10.0,20,1570.0,510.0,144200.0,150500.0,4834000000.0,5038000000.0,16800000.0,8.0,8.0,3311.0,167.0,201.0,260.0,534.0,244.0,309.0,400.0,40000,1275.0,1420.0,200000.0,30,60,1.2,1.8,0.44,1000.0,600.0,400.0,,16793333.3
ジャパンパイル,JP-NPH105,節杭,800-600,800.0,600.0,110.0,特厚,105.0,BH,10.0,20,1570.0,510.0,169300.0,175600.0,5338000000.0,5542000000.0,18480000.0,6.8,6.8,4073.0,157.0,188.0,264.0,534.0,271.0,344.0,448.0,40000,1275.0,1420.0,200000.0,30,60,1.2,1.8,0.55,1000.0,600.0,400.0,,18473333.3
ジャパンパイル,JP-NPH105,節杭,700-600,700.0,600.0,110.0,特厚,105.0,BH,10.0,20,1570.0,510.0,169300.0,175600.0,5338000000.0,5542000000.0,18480000.0,6.8,6.8,4073.0,157.0,188.0,264.0,534.0,271.0,344.0,448.0,40000,1275.0,1420.0,200000.0,30,60,1.2,1.8,0.505,1000.0,600.0,400.0,,18473333.3
ジャパンパイル,JP-NPH105,節杭,800-600,800.0,600.0,90.0,標準,105.0,C,11.2,20,2000.0,510.0,144200.0,152200.0,4834000000.0,5094000000.0,16980000.0,10.0,10.0,3044.0,212.0,254.0,297.0,647.0,269.0,339.0,435.0,40000,1275.0,1420.0,200000.0,30,60,1.2,1.8,0.484,1000.0,600.0,400.0,,16980000.0
ジャパンパイル,JP-NPH105,節杭,700-600,700.0,600.0,90.0,標準,105.0,C,11.2,20,2000.0,510.0,144200.0,152200.0,4834000000.0,5094000000.0,16980000.0,10.0,10.0,3044.0,212.0,254.0,297.0,647.0,269.0,339.0,435.0,40000,1275.0,1420.0,200000.0,30,60,1.2,1.8,0.44,1000.0,600.0,400.0,,16980000.0
ジャパンパイル,JP-NPH105,節杭,800-600,800.0,600.0,110.0,特厚,105.0,CH,11.2,20,2000.0,510.0,169300.0,177300.0,5338000000.0,5598000000.0,18660000.0,8.5,8.5,3811.0,199.0,238.0,299.0,648.0,298.0,377.0,487.0,40000,1275.0,1420.0,200000.0,30,60,1.2,1.8,0.55,1000.0,600.0,400.0,,18660000.0
ジャパンパイル,JP-NPH105,節杭,700-600,700.0,600.0,110.0,特厚,105.0,CH,11.2,20,2000.0,510.0,169300.0,177300.0,5338000000.0,5598000000.0,18660000.0,8.5,8.5,3811.0,199.0,238.0,299.0,648.0,298.0,377.0,487.0,40000,1275.0,1420.0,200000.0,30,60,1.2,1.8,0.505,1000.0,600.0,400.0,,18660000.0
ジャパンパイル,JP-NPH123,節杭,800-600,800.0,600.0,90.0,標準,123.0,A,10.0,10,785.0,510.0,144200.0,147200.0,4834000000.0,4930000000.0,16430000.0,4.0,4.0,4563.0,82.0,98.0,189.0,294.0,183.0,237.0,317.0,42000,1275.0,1420.0,200000.0,35,70,1.2,1.8,0.484,1000.0,600.0,400.0,,16433333.3
ジャパンパイル,JP-NPH123,節杭,700-600,700.0,600.0,90.0,標準,123.0,A,10.0,10,785.0,510.0,144200.0,147200.0,4834000000.0,4930000000.0,16430000.0,4.0,4.0,4563.0,82.0,98.0,189.0,294.0,183.0,237.0,317.0,42000,1275.0,1420.0,200000.0,35,70,1.2,1.8,0.44,1000.0,600.0,400.0,,16433333.3
ジャパンパイル,JP-NPH123,節杭,800-600,800.0,600.0,110.0,特厚,123.0,AH,10.0,10,785.0,510.0,169300.0,172300.0,5338000000.0,5434000000.0,16430000.0,3.4,3.4,5444.0,77.0,92.0,197.0,294.0,205.0,267.0,359.0,42000,1275.0,1420.0,200000.0,35,70,1.2,1.8,0.55,1000.0,600.0,400.0,"カタログ Ze 誤植の疑い: 印字 16,430×10^3 に対し Ie/(D/2) = 18,113×10^3。ZeFromIe を使用のこと",18113333.3
ジャパンパイル,JP-NPH123,節杭,700-600,700.0,600.0,110.0,特厚,123.0,AH,10.0,10,785.0,510.0,169300.0,172300.0,5338000000.0,5434000000.0,16430000.0,3.4,3.4,5444.0,77.0,92.0,197.0,294.0,205.0,267.0,359.0,42000,1275.0,1420.0,200000.0,35,70,1.2,1.8,0.505,1000.0,600.0,400.0,"カタログ Ze 誤植の疑い: 印字 16,430×10^3 に対し Ie/(D/2) = 18,113×10^3。ZeFromIe を使用のこと",18113333.3
ジャパンパイル,JP-NPH123,節杭,800-600,800.0,600.0,130.0,超特厚,123.0,AH,10.0,10,785.0,510.0,192000.0,194900.0,5705750000.0,5802000000.0,19340000.0,3.0,3.0,6236.0,73.0,87.0,203.0,295.0,226.0,296.0,401.0,42000,1275.0,1420.0,200000.0,35,70,1.2,1.8,0.608,1000.0,600.0,400.0,,19340000.0
ジャパンパイル,JP-NPH123,節杭,700-600,700.0,600.0,130.0,超特厚,123.0,AH,10.0,10,785.0,510.0,192000.0,194900.0,5705750000.0,5802000000.0,19340000.0,3.0,3.0,6236.0,73.0,87.0,203.0,295.0,226.0,296.0,401.0,42000,1275.0,1420.0,200000.0,35,70,1.2,1.8,0.564,1000.0,600.0,400.0,,19340000.0
ジャパンパイル,JP-NPH123,節杭,800-600,800.0,600.0,90.0,標準,123.0,B,10.0,20,1570.0,510.0,144200.0,150100.0,4834000000.0,5026000000.0,16750000.0,8.0,8.0,4052.0,167.0,201.0,259.0,547.0,244.0,309.0,400.0,42000,1275.0,1420.0,200000.0,35,70,1.2,1.8,0.484,1000.0,600.0,400.0,,16753333.3
ジャパンパイル,JP-NPH123,節杭,700-600,700.0,600.0,90.0,標準,123.0,B,10.0,20,1570.0,510.0,144200.0,150100.0,4834000000.0,5026000000.0,16750000.0,8.0,8.0,4052.0,167.0,201.0,259.0,547.0,244.0,309.0,400.0,42000,1275.0,1420.0,200000.0,35,70,1.2,1.8,0.44,1000.0,600.0,400.0,,16753333.3
ジャパンパイル,JP-NPH123,節杭,800-600,800.0,600.0,110.0,特厚,123.0,BH,10.0,20,1570.0,510.0,169300.0,175200.0,5338000000.0,5530000000.0,18430000.0,6.8,6.8,4940.0,156.0,188.0,263.0,547.0,271.0,344.0,448.0,42000,1275.0,1420.0,200000.0,35,70,1.2,1.8,0.55,1000.0,600.0,400.0,,18433333.3
ジャパンパイル,JP-NPH123,節杭,700-600,700.0,600.0,110.0,特厚,123.0,BH,10.0,20,1570.0,510.0,169300.0,175200.0,5338000000.0,5530000000.0,18430000.0,6.8,6.8,4940.0,156.0,188.0,263.0,547.0,271.0,344.0,448.0,42000,1275.0,1420.0,200000.0,35,70,1.2,1.8,0.505,1000.0,600.0,400.0,,18433333.3
ジャパンパイル,JP-NPH123,節杭,800-600,800.0,600.0,130.0,超特厚,123.0,BH,10.0,20,1570.0,510.0,192000.0,197900.0,5705750000.0,5898000000.0,19660000.0,6.0,6.0,5739.0,147.0,177.0,265.0,548.0,296.0,377.0,494.0,42000,1275.0,1420.0,200000.0,35,70,1.2,1.8,0.608,1000.0,600.0,400.0,,19660000.0
ジャパンパイル,JP-NPH123,節杭,700-600,700.0,600.0,130.0,超特厚,123.0,BH,10.0,20,1570.0,510.0,192000.0,197900.0,5705750000.0,5898000000.0,19660000.0,6.0,6.0,5739.0,147.0,177.0,265.0,548.0,296.0,377.0,494.0,42000,1275.0,1420.0,200000.0,35,70,1.2,1.8,0.564,1000.0,600.0,400.0,,19660000.0
ジャパンパイル,JP-NPH123,節杭,800-600,800.0,600.0,90.0,標準,123.0,C,11.2,20,2000.0,510.0,144200.0,151700.0,4834000000.0,5079000000.0,16930000.0,10.0,10.0,3792.0,211.0,253.0,296.0,671.0,269.0,339.0,435.0,42000,1275.0,1420.0,200000.0,35,70,1.2,1.8,0.484,1000.0,600.0,400.0,,16930000.0
ジャパンパイル,JP-NPH123,節杭,700-600,700.0,600.0,90.0,標準,123.0,C,11.2,20,2000.0,510.0,144200.0,151700.0,4834000000.0,5079000000.0,16930000.0,10.0,10.0,3792.0,211.0,253.0,296.0,671.0,269.0,339.0,435.0,42000,1275.0,1420.0,200000.0,35,70,1.2,1.8,0.44,1000.0,600.0,400.0,,16930000.0
ジャパンパイル,JP-NPH123,節杭,800-600,800.0,600.0,110.0,特厚,123.0,CH,11.2,20,2000.0,510.0,169300.0,176900.0,5338000000.0,5583000000.0,18610000.0,8.5,8.5,3792.0,211.0,253.0,296.0,671.0,269.0,339.0,435.0,42000,1275.0,1420.0,200000.0,35,70,1.2,1.8,0.55,1000.0,600.0,400.0,,18610000.0
ジャパンパイル,JP-NPH123,節杭,700-600,700.0,600.0,110.0,特厚,123.0,CH,11.2,20,2000.0,510.0,169300.0,176900.0,5338000000.0,5583000000.0,18610000.0,8.5,8.5,3792.0,211.0,253.0,296.0,671.0,269.0,339.0,435.0,42000,1275.0,1420.0,200000.0,35,70,1.2,1.8,0.505,1000.0,600.0,400.0,,18610000.0
ジャパンパイル,JP-NPH123,節杭,800-600,800.0,600.0,130.0,超特厚,123.0,CH,11.2,20,2000.0,510.0,192000.0,199500.0,5705750000.0,5950000000.0,19830000.0,7.5,7.5,5486.0,186.0,224.0,298.0,671.0,326.0,413.0,535.0,42000,1275.0,1420.0,200000.0,35,70,1.2,1.8,0.608,1000.0,600.0,400.0,,19833333.3
ジャパンパイル,JP-NPH123,節杭,700-600,700.0,600.0,130.0,超特厚,123.0,CH,11.2,20,2000.0,510.0,192000.0,199500.0,5705750000.0,5950000000.0,19830000.0,7.5,7.5,5486.0,186.0,224.0,298.0,671.0,326.0,413.0,535.0,42000,1275.0,1420.0,200000.0,35,70,1.2,1.8,0.564,1000.0,600.0,400.0,,19833333.3
ジャパンパイル,JP-NPH85,節杭,900-700,900.0,700.0,100.0,標準,85.0,A,10.0,13,1021.0,600.0,188500.0,192600.0,8718000000.0,8902000000.0,25430000.0,4.0,4.0,3852.0,127.0,152.0,292.0,438.0,239.0,310.0,413.0,40000,1275.0,1420.0,200000.0,24,48,1.2,1.8,0.615,1000.0,600.0,400.0,,25434285.7
ジャパンパイル,JP-NPH85,節杭,800-700,800.0,700.0,100.0,標準,85.0,A,10.0,13,1021.0,600.0,188500.0,192600.0,8718000000.0,8902000000.0,25430000.0,4.0,4.0,3852.0,127.0,152.0,292.0,438.0,239.0,310.0,413.0,40000,1275.0,1420.0,200000.0,24,48,1.2,1.8,0.565,1000.0,600.0,400.0,,25434285.7
ジャパンパイル,JP-NPH85,節杭,900-700,900.0,700.0,100.0,標準,85.0,B,10.0,26,2041.0,600.0,188500.0,196700.0,8718000000.0,9085000000.0,25960000.0,8.0,8.0,3147.0,259.0,311.0,402.0,808.0,318.0,403.0,521.0,40000,1275.0,1420.0,200000.0,24,48,1.2,1.8,0.615,1000.0,600.0,400.0,,25957142.9
ジャパンパイル,JP-NPH85,節杭,800-700,800.0,700.0,100.0,標準,85.0,B,10.0,26,2041.0,600.0,188500.0,196700.0,8718000000.0,9085000000.0,25960000.0,8.0,8.0,3147.0,259.0,311.0,402.0,808.0,318.0,403.0,521.0,40000,1275.0,1420.0,200000.0,24,48,1.2,1.8,0.565,1000.0,600.0,400.0,,25957142.9
ジャパンパイル,JP-NPH85,節杭,900-700,900.0,700.0,100.0,標準,85.0,C,11.2,26,2600.0,600.0,188500.0,198900.0,8718000000.0,9186000000.0,26250000.0,10.0,10.0,2784.0,328.0,393.0,459.0,978.0,351.0,442.0,568.0,40000,1275.0,1420.0,200000.0,24,48,1.2,1.8,0.615,1000.0,600.0,400.0,,26245714.3
ジャパンパイル,JP-NPH85,節杭,800-700,800.0,700.0,100.0,標準,85.0,C,11.2,26,2600.0,600.0,188500.0,198900.0,8718000000.0,9186000000.0,26250000.0,10.0,10.0,2784.0,328.0,393.0,459.0,978.0,351.0,442.0,568.0,40000,1275.0,1420.0,200000.0,24,48,1.2,1.8,0.565,1000.0,600.0,400.0,,26245714.3
ジャパンパイル,JP-NPH105,節杭,900-700,900.0,700.0,100.0,標準,105.0,A,10.0,13,1021.0,600.0,188500.0,192600.0,8718000000.0,8902000000.0,25430000.0,4.0,4.0,5007.0,127.0,152.0,292.0,441.0,239.0,310.0,413.0,40000,1275.0,1420.0,200000.0,30,60,1.2,1.8,0.615,1000.0,600.0,400.0,,25434285.7
ジャパンパイル,JP-NPH105,節杭,800-700,800.0,700.0,100.0,標準,105.0,A,10.0,13,1021.0,600.0,188500.0,192600.0,8718000000.0,8902000000.0,25430000.0,4.0,4.0,5007.0,127.0,152.0,292.0,441.0,239.0,310.0,413.0,40000,1275.0,1420.0,200000.0,30,60,1.2,1.8,0.565,1000.0,600.0,400.0,,25434285.7
ジャパンパイル,JP-NPH105,節杭,900-700,900.0,700.0,120.0,特厚,105.0,AH,10.0,13,1021.0,600.0,218700.0,222700.0,9588000000.0,9772000000.0,27920000.0,3.5,3.5,5901.0,120.0,144.0,305.0,441.0,265.0,345.0,464.0,40000,1275.0,1420.0,200000.0,30,60,1.2,1.8,0.694,1000.0,600.0,400.0,,27920000.0
ジャパンパイル,JP-NPH105,節杭,800-700,800.0,700.0,120.0,特厚,105.0,AH,10.0,13,1021.0,600.0,218700.0,222700.0,9588000000.0,9772000000.0,27920000.0,3.5,3.5,5901.0,120.0,144.0,305.0,441.0,265.0,345.0,464.0,40000,1275.0,1420.0,200000.0,30,60,1.2,1.8,0.643,1000.0,600.0,400.0,,27920000.0
ジャパンパイル,JP-NPH105,節杭,900-700,900.0,700.0,100.0,標準,105.0,B,10.0,26,2041.0,600.0,188500.0,196700.0,8718000000.0,9085000000.0,25960000.0,8.0,8.0,4327.0,259.0,311.0,402.0,818.0,318.0,403.0,521.0,40000,1275.0,1420.0,200000.0,30,60,1.2,1.8,0.615,1000.0,600.0,400.0,,25957142.9
ジャパンパイル,JP-NPH105,節杭,800-700,800.0,700.0,100.0,標準,105.0,B,10.0,26,2041.0,600.0,188500.0,196700.0,8718000000.0,9085000000.0,25960000.0,8.0,8.0,4327.0,259.0,311.0,402.0,818.0,318.0,403.0,521.0,40000,1275.0,1420.0,200000.0,30,60,1.2,1.8,0.565,1000.0,600.0,400.0,,25957142.9
ジャパンパイル,JP-NPH105,節杭,900-700,900.0,700.0,120.0,特厚,105.0,BH,10.0,26,2041.0,600.0,218700.0,226800.0,9588000000.0,9955000000.0,28440000.0,6.9,6.9,5239.0,244.0,293.0,409.0,818.0,350.0,444.0,578.0,40000,1275.0,1420.0,200000.0,30,60,1.2,1.8,0.694,1000.0,600.0,400.0,,28442857.1
ジャパンパイル,JP-NPH105,節杭,800-700,800.0,700.0,120.0,特厚,105.0,BH,10.0,26,2041.0,600.0,218700.0,226800.0,9588000000.0,9955000000.0,28440000.0,6.9,6.9,5239.0,244.0,293.0,409.0,818.0,350.0,444.0,578.0,40000,1275.0,1420.0,200000.0,30,60,1.2,1.8,0.643,1000.0,600.0,400.0,,28442857.1
ジャパンパイル,JP-NPH105,節杭,900-700,900.0,700.0,100.0,標準,105.0,C,11.2,26,2600.0,600.0,188500.0,198900.0,8718000000.0,9186000000.0,26250000.0,10.0,10.0,3978.0,328.0,393.0,459.0,993.0,351.0,442.0,568.0,40000,1275.0,1420.0,200000.0,30,60,1.2,1.8,0.615,1000.0,600.0,400.0,,26245714.3
ジャパンパイル,JP-NPH105,節杭,800-700,800.0,700.0,100.0,標準,105.0,C,11.2,26,2600.0,600.0,188500.0,198900.0,8718000000.0,9186000000.0,26250000.0,10.0,10.0,3978.0,328.0,393.0,459.0,993.0,351.0,442.0,568.0,40000,1275.0,1420.0,200000.0,30,60,1.2,1.8,0.565,1000.0,600.0,400.0,,26245714.3
ジャパンパイル,JP-NPH105,節杭,900-700,900.0,700.0,120.0,特厚,105.0,CH,11.2,26,2600.0,600.0,218700.0,229100.0,9588000000.0,10060000000.0,28730000.0,8.6,8.6,4902.0,309.0,370.0,462.0,995.0,385.0,486.0,628.0,40000,1275.0,1420.0,200000.0,30,60,1.2,1.8,0.694,1000.0,600.0,400.0,,28742857.1
ジャパンパイル,JP-NPH105,節杭,800-700,800.0,700.0,120.0,特厚,105.0,CH,11.2,26,2600.0,600.0,218700.0,229100.0,9588000000.0,10060000000.0,28730000.0,8.6,8.6,4902.0,309.0,370.0,462.0,995.0,385.0,486.0,628.0,40000,1275.0,1420.0,200000.0,30,60,1.2,1.8,0.643,1000.0,600.0,400.0,,28742857.1
ジャパンパイル,JP-NPH123,節杭,900-700,900.0,700.0,100.0,標準,123.0,A,10.0,13,1021.0,600.0,188500.0,192300.0,8718000000.0,8891000000.0,25400000.0,4.0,4.0,5961.0,127.0,152.0,292.0,450.0,239.0,310.0,413.0,42000,1275.0,1420.0,200000.0,35,70,1.2,1.8,0.615,1000.0,600.0,400.0,,25402857.1
ジャパンパイル,JP-NPH123,節杭,800-700,800.0,700.0,100.0,標準,123.0,A,10.0,13,1021.0,600.0,188500.0,192300.0,8718000000.0,8891000000.0,25400000.0,4.0,4.0,5961.0,127.0,152.0,292.0,450.0,239.0,310.0,413.0,42000,1275.0,1420.0,200000.0,35,70,1.2,1.8,0.565,1000.0,600.0,400.0,,25402857.1
ジャパンパイル,JP-NPH123,節杭,900-700,900.0,700.0,120.0,特厚,123.0,AH,10.0,13,1021.0,600.0,218700.0,222500.0,9588000000.0,9761000000.0,27890000.0,3.5,3.5,7008.0,120.0,144.0,305.0,450.0,265.0,345.0,464.0,42000,1275.0,1420.0,200000.0,35,70,1.2,1.8,0.694,1000.0,600.0,400.0,,27888571.4
ジャパンパイル,JP-NPH123,節杭,800-700,800.0,700.0,120.0,特厚,123.0,AH,10.0,13,1021.0,600.0,218700.0,222500.0,9588000000.0,9761000000.0,27890000.0,3.5,3.5,7008.0,120.0,144.0,305.0,450.0,265.0,345.0,464.0,42000,1275.0,1420.0,200000.0,35,70,1.2,1.8,0.643,1000.0,600.0,400.0,,27888571.4
ジャパンパイル,JP-NPH123,節杭,900-700,900.0,700.0,150.0,超特厚,123.0,AH,10.0,13,1021.0,600.0,259200.0,263000.0,10530000000.0,10700000000.0,30570000.0,2.9,2.9,8442.0,111.0,133.0,318.0,450.0,302.0,395.0,536.0,42000,1275.0,1420.0,200000.0,35,70,1.2,1.8,0.799,1000.0,600.0,400.0,,30571428.6
ジャパンパイル,JP-NPH123,節杭,800-700,800.0,700.0,150.0,超特厚,123.0,AH,10.0,13,1021.0,600.0,259200.0,263000.0,10530000000.0,10700000000.0,30570000.0,2.9,2.9,8442.0,111.0,133.0,318.0,450.0,302.0,395.0,536.0,42000,1275.0,1420.0,200000.0,35,70,1.2,1.8,0.748,1000.0,600.0,400.0,,30571428.6
ジャパンパイル,JP-NPH123,節杭,900-700,900.0,700.0,100.0,標準,123.0,B,10.0,26,2041.0,600.0,188500.0,196200.0,8718000000.0,9063000000.0,25900000.0,8.0,8.0,5297.0,259.0,310.0,401.0,836.0,318.0,403.0,521.0,42000,1275.0,1420.0,200000.0,35,70,1.2,1.8,0.615,1000.0,600.0,400.0,,25894285.7
ジャパンパイル,JP-NPH123,節杭,800-700,800.0,700.0,100.0,標準,123.0,B,10.0,26,2041.0,600.0,188500.0,196200.0,8718000000.0,9063000000.0,25900000.0,8.0,8.0,5297.0,259.0,310.0,401.0,836.0,318.0,403.0,521.0,42000,1275.0,1420.0,200000.0,35,70,1.2,1.8,0.565,1000.0,600.0,400.0,,25894285.7
ジャパンパイル,JP-NPH123,節杭,900-700,900.0,700.0,120.0,特厚,123.0,BH,10.0,26,2041.0,600.0,218700.0,226300.0,9588000000.0,9934000000.0,28380000.0,6.9,6.9,6359.0,244.0,293.0,408.0,836.0,350.0,444.0,578.0,42000,1275.0,1420.0,200000.0,35,70,1.2,1.8,0.694,1000.0,600.0,400.0,,28382857.1
ジャパンパイル,JP-NPH123,節杭,800-700,800.0,700.0,120.0,特厚,123.0,BH,10.0,26,2041.0,600.0,218700.0,226300.0,9588000000.0,9934000000.0,28380000.0,6.9,6.9,6359.0,244.0,293.0,408.0,836.0,350.0,444.0,578.0,42000,1275.0,1420.0,200000.0,35,70,1.2,1.8,0.643,1000.0,600.0,400.0,,28382857.1
ジャパンパイル,JP-NPH123,節杭,900-700,900.0,700.0,150.0,超特厚,123.0,BH,10.0,26,2041.0,600.0,259200.0,266900.0,10530000000.0,10870000000.0,31060000.0,5.8,5.8,7793.0,225.0,270.0,413.0,836.0,394.0,503.0,659.0,42000,1275.0,1420.0,200000.0,35,70,1.2,1.8,0.799,1000.0,600.0,400.0,,31057142.9
ジャパンパイル,JP-NPH123,節杭,800-700,800.0,700.0,150.0,超特厚,123.0,BH,10.0,26,2041.0,600.0,259200.0,266900.0,10530000000.0,10870000000.0,31060000.0,5.8,5.8,7793.0,225.0,270.0,413.0,836.0,394.0,503.0,659.0,42000,1275.0,1420.0,200000.0,35,70,1.2,1.8,0.748,1000.0,600.0,400.0,,31057142.9
ジャパンパイル,JP-NPH123,節杭,900-700,900.0,700.0,100.0,標準,123.0,C,11.2,26,2600.0,600.0,188500.0,198300.0,8718000000.0,9158000000.0,26170000.0,10.0,10.0,4957.0,327.0,392.0,457.0,1028.0,351.0,442.0,568.0,42000,1275.0,1420.0,200000.0,35,70,1.2,1.8,0.615,1000.0,600.0,400.0,,26165714.3
ジャパンパイル,JP-NPH123,節杭,800-700,800.0,700.0,100.0,標準,123.0,C,11.2,26,2600.0,600.0,188500.0,198300.0,8718000000.0,9158000000.0,26170000.0,10.0,10.0,4957.0,327.0,392.0,457.0,1028.0,351.0,442.0,568.0,42000,1275.0,1420.0,200000.0,35,70,1.2,1.8,0.565,1000.0,600.0,400.0,,26165714.3
ジャパンパイル,JP-NPH123,節杭,900-700,900.0,700.0,120.0,特厚,123.0,CH,11.2,26,2600.0,600.0,218700.0,228400.0,9588000000.0,10030000000.0,28650000.0,8.6,8.6,6029.0,308.0,369.0,461.0,1028.0,385.0,486.0,628.0,42000,1275.0,1420.0,200000.0,35,70,1.2,1.8,0.694,1000.0,600.0,400.0,,28657142.9
ジャパンパイル,JP-NPH123,節杭,800-700,800.0,700.0,120.0,特厚,123.0,CH,11.2,26,2600.0,600.0,218700.0,228400.0,9588000000.0,10030000000.0,28650000.0,8.6,8.6,6029.0,308.0,369.0,461.0,1028.0,385.0,486.0,628.0,42000,1275.0,1420.0,200000.0,35,70,1.2,1.8,0.643,1000.0,600.0,400.0,,28657142.9
ジャパンパイル,JP-NPH123,節杭,900-700,900.0,700.0,150.0,超特厚,123.0,CH,11.2,26,2600.0,600.0,259200.0,269000.0,10530000000.0,10970000000.0,31340000.0,7.2,7.2,7478.0,284.0,341.0,462.0,1028.0,432.0,548.0,712.0,42000,1275.0,1420.0,200000.0,35,70,1.2,1.8,0.799,1000.0,600.0,400.0,,31342857.1
ジャパンパイル,JP-NPH123,節杭,800-700,800.0,700.0,150.0,超特厚,123.0,CH,11.2,26,2600.0,600.0,259200.0,269000.0,10530000000.0,10970000000.0,31340000.0,7.2,7.2,7478.0,284.0,341.0,462.0,1028.0,432.0,548.0,712.0,42000,1275.0,1420.0,200000.0,35,70,1.2,1.8,0.748,1000.0,600.0,400.0,,31342857.1
ジャパンパイル,JP-NPH85,節杭,1000-800,1000.0,800.0,110.0,標準,85.0,A,10.7,14,1260.0,700.0,238400.0,243500.0,14550000000.0,14860000000.0,37150000.0,4.0,4.0,4870.0,185.0,222.0,427.0,623.0,302.0,391.0,522.0,40000,1275.0,1420.0,200000.0,24,48,1.2,1.8,0.761,1000.0,600.0,400.0,,37150000.0
ジャパンパイル,JP-NPH85,節杭,900-800,900.0,800.0,110.0,標準,85.0,A,10.7,14,1260.0,700.0,238400.0,243500.0,14550000000.0,14860000000.0,37150000.0,4.0,4.0,4870.0,185.0,222.0,427.0,623.0,302.0,391.0,522.0,40000,1275.0,1420.0,200000.0,24,48,1.2,1.8,0.704,1000.0,600.0,400.0,,37150000.0
ジャパンパイル,JP-NPH85,節杭,1000-800,1000.0,800.0,110.0,標準,85.0,B,10.7,28,2520.0,700.0,238400.0,248500.0,14550000000.0,15170000000.0,37920000.0,8.0,7.8,3976.0,379.0,455.0,587.0,1156.0,402.0,509.0,659.0,40000,1275.0,1420.0,200000.0,24,48,1.2,1.8,0.761,1000.0,600.0,400.0,,37925000.0
ジャパンパイル,JP-NPH85,節杭,900-800,900.0,800.0,110.0,標準,85.0,B,10.7,28,2520.0,700.0,238400.0,248500.0,14550000000.0,15170000000.0,37920000.0,8.0,7.8,3976.0,379.0,455.0,587.0,1156.0,402.0,509.0,659.0,40000,1275.0,1420.0,200000.0,24,48,1.2,1.8,0.704,1000.0,600.0,400.0,,37925000.0
ジャパンパイル,JP-NPH85,節杭,1000-800,1000.0,800.0,110.0,標準,85.0,C,12.6,28,3500.0,700.0,238400.0,252500.0,14550000000.0,15410000000.0,38520000.0,10.0,10.0,3535.0,481.0,577.0,674.0,1497.0,444.0,558.0,717.0,40000,1275.0,1420.0,200000.0,24,48,1.2,1.8,0.761,1000.0,600.0,400.0,,38525000.0
ジャパンパイル,JP-NPH85,節杭,900-800,900.0,800.0,110.0,標準,85.0,C,12.6,28,3500.0,700.0,238400.0,252500.0,14550000000.0,15410000000.0,38520000.0,10.0,10.0,3535.0,481.0,577.0,674.0,1497.0,444.0,558.0,717.0,40000,1275.0,1420.0,200000.0,24,48,1.2,1.8,0.704,1000.0,600.0,400.0,,38525000.0
ジャパンパイル,JP-NPH105,節杭,1000-800,1000.0,800.0,110.0,標準,105.0,A,10.7,14,1260.0,700.0,238400.0,243500.0,14550000000.0,14860000000.0,37150000.0,4.0,4.0,6331.0,185.0,222.0,427.0,628.0,302.0,391.0,522.0,40000,1275.0,1420.0,200000.0,30,60,1.2,1.8,0.761,1000.0,600.0,400.0,,37150000.0
ジャパンパイル,JP-NPH105,節杭,900-800,900.0,800.0,110.0,標準,105.0,A,10.7,14,1260.0,700.0,238400.0,243500.0,14550000000.0,14860000000.0,37150000.0,4.0,4.0,6331.0,185.0,222.0,427.0,628.0,302.0,391.0,522.0,40000,1275.0,1420.0,200000.0,30,60,1.2,1.8,0.704,1000.0,600.0,400.0,,37150000.0
ジャパンパイル,JP-NPH105,節杭,1000-800,1000.0,800.0,130.0,特厚,105.0,AH,10.7,14,1260.0,700.0,273600.0,278700.0,15930000000.0,16240000000.0,40600000.0,3.5,3.5,7385.0,176.0,212.0,445.0,628.0,332.0,432.0,580.0,40000,1275.0,1420.0,200000.0,30,60,1.2,1.8,0.853,1000.0,600.0,400.0,,40600000.0
ジャパンパイル,JP-NPH105,節杭,900-800,900.0,800.0,130.0,特厚,105.0,AH,10.7,14,1260.0,700.0,273600.0,278700.0,15930000000.0,16240000000.0,40600000.0,3.5,3.5,7385.0,176.0,212.0,445.0,628.0,332.0,432.0,580.0,40000,1275.0,1420.0,200000.0,30,60,1.2,1.8,0.796,1000.0,600.0,400.0,,40600000.0
ジャパンパイル,JP-NPH105,節杭,1000-800,1000.0,800.0,110.0,標準,105.0,B,10.7,28,2520.0,700.0,238400.0,248500.0,14550000000.0,15170000000.0,37920000.0,8.0,7.8,5467.0,379.0,455.0,587.0,1169.0,402.0,509.0,659.0,40000,1275.0,1420.0,200000.0,30,60,1.2,1.8,0.761,1000.0,600.0,400.0,,37925000.0
ジャパンパイル,JP-NPH105,節杭,900-800,900.0,800.0,110.0,標準,105.0,B,10.7,28,2520.0,700.0,238400.0,248500.0,14550000000.0,15170000000.0,37920000.0,8.0,7.8,5467.0,379.0,455.0,587.0,1169.0,402.0,509.0,659.0,40000,1275.0,1420.0,200000.0,30,60,1.2,1.8,0.704,1000.0,600.0,400.0,,37925000.0
ジャパンパイル,JP-NPH105,節杭,1000-800,1000.0,800.0,130.0,特厚,105.0,BH,10.7,28,2520.0,700.0,273600.0,283700.0,15930000000.0,16550000000.0,41370000.0,6.8,6.8,6581.0,353.0,423.0,592.0,1168.0,435.0,552.0,719.0,40000,1275.0,1420.0,200000.0,30,60,1.2,1.8,0.853,1000.0,600.0,400.0,,41375000.0
ジャパンパイル,JP-NPH105,節杭,900-800,900.0,800.0,130.0,特厚,105.0,BH,10.7,28,2520.0,700.0,273600.0,283700.0,15930000000.0,16550000000.0,41370000.0,6.8,6.8,6581.0,353.0,423.0,592.0,1168.0,435.0,552.0,719.0,40000,1275.0,1420.0,200000.0,30,60,1.2,1.8,0.796,1000.0,600.0,400.0,,41375000.0
ジャパンパイル,JP-NPH105,節杭,1000-800,1000.0,800.0,110.0,標準,105.0,C,12.6,28,3500.0,700.0,238400.0,252500.0,14550000000.0,15410000000.0,38520000.0,10.0,10.0,5050.0,481.0,577.0,674.0,1521.0,444.0,558.0,717.0,40000,1275.0,1420.0,200000.0,30,60,1.2,1.8,0.761,1000.0,600.0,400.0,,38525000.0
ジャパンパイル,JP-NPH105,節杭,900-800,900.0,800.0,110.0,標準,105.0,C,12.6,28,3500.0,700.0,238400.0,252500.0,14550000000.0,15410000000.0,38520000.0,10.0,10.0,5050.0,481.0,577.0,674.0,1521.0,444.0,558.0,717.0,40000,1275.0,1420.0,200000.0,30,60,1.2,1.8,0.704,1000.0,600.0,400.0,,38525000.0
ジャパンパイル,JP-NPH105,節杭,1000-800,1000.0,800.0,130.0,特厚,105.0,CH,12.6,28,3500.0,700.0,273600.0,287600.0,15930000000.0,16790000000.0,41970000.0,8.7,8.7,6125.0,456.0,547.0,679.0,1526.0,483.0,609.0,786.0,40000,1275.0,1420.0,200000.0,30,60,1.2,1.8,0.853,1000.0,600.0,400.0,,41975000.0
ジャパンパイル,JP-NPH105,節杭,900-800,900.0,800.0,130.0,特厚,105.0,CH,12.6,28,3500.0,700.0,273600.0,287600.0,15930000000.0,16790000000.0,41970000.0,8.7,8.7,6125.0,456.0,547.0,679.0,1526.0,483.0,609.0,786.0,40000,1275.0,1420.0,200000.0,30,60,1.2,1.8,0.796,1000.0,600.0,400.0,,41975000.0
ジャパンパイル,JP-NPH123,節杭,1000-800,1000.0,800.0,110.0,標準,123.0,A,10.7,14,1250.0,700.0,238400.0,243200.0,14550000000.0,14840000000.0,37100000.0,4.0,4.0,7539.0,185.0,222.0,426.0,638.0,302.0,391.0,522.0,42000,1275.0,1420.0,200000.0,35,70,1.2,1.8,0.761,1000.0,600.0,400.0,,37100000.0
ジャパンパイル,JP-NPH123,節杭,900-800,900.0,800.0,110.0,標準,123.0,A,10.7,14,1250.0,700.0,238400.0,243200.0,14550000000.0,14840000000.0,37100000.0,4.0,4.0,7539.0,185.0,222.0,426.0,638.0,302.0,391.0,522.0,42000,1275.0,1420.0,200000.0,35,70,1.2,1.8,0.704,1000.0,600.0,400.0,,37100000.0
ジャパンパイル,JP-NPH123,節杭,1000-800,1000.0,800.0,130.0,特厚,123.0,AH,10.7,14,1250.0,700.0,273600.0,278400.0,15930000000.0,16220000000.0,40560000.0,3.5,3.5,8769.0,176.0,211.0,445.0,638.0,332.0,432.0,580.0,42000,1275.0,1420.0,200000.0,35,70,1.2,1.8,0.853,1000.0,600.0,400.0,,40550000.0
ジャパンパイル,JP-NPH123,節杭,900-800,900.0,800.0,130.0,特厚,123.0,AH,10.7,14,1250.0,700.0,273600.0,278400.0,15930000000.0,16220000000.0,40560000.0,3.5,3.5,8769.0,176.0,211.0,445.0,638.0,332.0,432.0,580.0,42000,1275.0,1420.0,200000.0,35,70,1.2,1.8,0.796,1000.0,600.0,400.0,,40550000.0
ジャパンパイル,JP-NPH123,節杭,1000-800,1000.0,800.0,160.0,超特厚,123.0,AH,10.7,14,1250.0,700.0,321700.0,326400.0,17500000000.0,17790000000.0,44480000.0,3.0,3.0,10457.0,165.0,198.0,465.0,639.0,374.0,490.0,663.0,42000,1275.0,1420.0,200000.0,35,70,1.2,1.8,0.978,1000.0,600.0,400.0,,44475000.0
ジャパンパイル,JP-NPH123,節杭,900-800,900.0,800.0,160.0,超特厚,123.0,AH,10.7,14,1250.0,700.0,321700.0,326400.0,17500000000.0,17790000000.0,44480000.0,3.0,3.0,10457.0,165.0,198.0,465.0,639.0,374.0,490.0,663.0,42000,1275.0,1420.0,200000.0,35,70,1.2,1.8,0.921,1000.0,600.0,400.0,,44475000.0
ジャパンパイル,JP-NPH123,節杭,1000-800,1000.0,800.0,110.0,標準,123.0,B,10.7,28,2520.0,700.0,238400.0,247900.0,14550000000.0,15130000000.0,37830000.0,8.0,7.8,6693.0,378.0,454.0,586.0,1190.0,402.0,509.0,659.0,42000,1275.0,1420.0,200000.0,35,70,1.2,1.8,0.761,1000.0,600.0,400.0,,37825000.0
ジャパンパイル,JP-NPH123,節杭,900-800,900.0,800.0,110.0,標準,123.0,B,10.7,28,2520.0,700.0,238400.0,247900.0,14550000000.0,15130000000.0,37830000.0,8.0,7.8,6693.0,378.0,454.0,586.0,1190.0,402.0,509.0,659.0,42000,1275.0,1420.0,200000.0,35,70,1.2,1.8,0.704,1000.0,600.0,400.0,,37825000.0
ジャパンパイル,JP-NPH123,節杭,1000-800,1000.0,800.0,130.0,特厚,123.0,BH,10.7,28,2520.0,700.0,273600.0,283100.0,15930000000.0,16510000000.0,41280000.0,6.8,6.8,7983.0,352.0,422.0,591.0,1190.0,435.0,552.0,719.0,42000,1275.0,1420.0,200000.0,35,70,1.2,1.8,0.853,1000.0,600.0,400.0,,41275000.0
ジャパンパイル,JP-NPH123,節杭,900-800,900.0,800.0,130.0,特厚,123.0,BH,10.7,28,2520.0,700.0,273600.0,283100.0,15930000000.0,16510000000.0,41280000.0,6.8,6.8,7983.0,352.0,422.0,591.0,1190.0,435.0,552.0,719.0,42000,1275.0,1420.0,200000.0,35,70,1.2,1.8,0.796,1000.0,600.0,400.0,,41275000.0
ジャパンパイル,JP-NPH123,節杭,1000-800,1000.0,800.0,160.0,超特厚,123.0,BH,10.7,28,2520.0,700.0,321700.0,331200.0,17500000000.0,18080000000.0,45200000.0,5.8,5.8,9671.0,328.0,393.0,601.0,1189.0,485.0,619.0,812.0,42000,1275.0,1420.0,200000.0,35,70,1.2,1.8,0.978,1000.0,600.0,400.0,,45200000.0
ジャパンパイル,JP-NPH123,節杭,900-800,900.0,800.0,160.0,超特厚,123.0,BH,10.7,28,2520.0,700.0,321700.0,331200.0,17500000000.0,18080000000.0,45200000.0,5.8,5.8,9671.0,328.0,393.0,601.0,1189.0,485.0,619.0,812.0,42000,1275.0,1420.0,200000.0,35,70,1.2,1.8,0.921,1000.0,600.0,400.0,,45200000.0
ジャパンパイル,JP-NPH123,節杭,1000-800,1000.0,800.0,110.0,標準,123.0,C,12.6,28,3500.0,700.0,238400.0,251600.0,14550000000.0,15360000000.0,38390000.0,10.0,10.0,6290.0,479.0,575.0,671.0,1577.0,444.0,558.0,717.0,42000,1275.0,1420.0,200000.0,35,70,1.2,1.8,0.761,1000.0,600.0,400.0,,38400000.0
ジャパンパイル,JP-NPH123,節杭,900-800,900.0,800.0,110.0,標準,123.0,C,12.6,28,3500.0,700.0,238400.0,251600.0,14550000000.0,15360000000.0,38390000.0,10.0,10.0,6290.0,479.0,575.0,671.0,1577.0,444.0,558.0,717.0,42000,1275.0,1420.0,200000.0,35,70,1.2,1.8,0.704,1000.0,600.0,400.0,,38400000.0
ジャパンパイル,JP-NPH123,節杭,1000-800,1000.0,800.0,130.0,特厚,123.0,CH,12.6,28,3500.0,700.0,273600.0,286800.0,15930000000.0,16740000000.0,41850000.0,8.7,8.7,7542.0,455.0,545.0,677.0,1583.0,483.0,609.0,786.0,42000,1275.0,1420.0,200000.0,35,70,1.2,1.8,0.853,1000.0,600.0,400.0,,41850000.0
ジャパンパイル,JP-NPH123,節杭,900-800,900.0,800.0,130.0,特厚,123.0,CH,12.6,28,3500.0,700.0,273600.0,286800.0,15930000000.0,16740000000.0,41850000.0,8.7,8.7,7542.0,455.0,545.0,677.0,1583.0,483.0,609.0,786.0,42000,1275.0,1420.0,200000.0,35,70,1.2,1.8,0.796,1000.0,600.0,400.0,,41850000.0
ジャパンパイル,JP-NPH123,節杭,1000-800,1000.0,800.0,160.0,超特厚,123.0,CH,12.6,28,3500.0,700.0,321700.0,334900.0,17500000000.0,18310000000.0,45780000.0,7.4,7.4,9248.0,422.0,507.0,681.0,1579.0,537.0,681.0,884.0,42000,1275.0,1420.0,200000.0,35,70,1.2,1.8,0.978,1000.0,600.0,400.0,,45775000.0
ジャパンパイル,JP-NPH123,節杭,900-800,900.0,800.0,160.0,超特厚,123.0,CH,12.6,28,3500.0,700.0,321700.0,334900.0,17500000000.0,18310000000.0,45780000.0,7.4,7.4,9248.0,422.0,507.0,681.0,1579.0,537.0,681.0,884.0,42000,1275.0,1420.0,200000.0,35,70,1.2,1.8,0.921,1000.0,600.0,400.0,,45775000.0
ジャパンパイル,JP-NPH85,節杭,1100-900,1100.0,900.0,120.0,標準,85.0,A,10.7,16,1440.0,790.0,294000.0,299800.0,22890000000.0,23340000000.0,51870000.0,4.0,3.9,6025.0,253.0,303.0,592.0,811.0,369.0,478.0,639.0,40000,1275.0,1420.0,200000.0,24,48,1.2,1.8,0.922,1000.0,600.0,400.0,,51866666.7
ジャパンパイル,JP-NPH85,節杭,1000-900,1000.0,900.0,120.0,標準,85.0,A,10.7,16,1440.0,790.0,294000.0,299800.0,22890000000.0,23340000000.0,51870000.0,4.0,3.9,6025.0,253.0,303.0,592.0,811.0,369.0,478.0,639.0,40000,1275.0,1420.0,200000.0,24,48,1.2,1.8,0.859,1000.0,600.0,400.0,,51866666.7
ジャパンパイル,JP-NPH85,節杭,1100-900,1100.0,900.0,120.0,標準,85.0,B,11.2,32,3200.0,790.0,294000.0,306900.0,22890000000.0,23890000000.0,53090000.0,8.0,8.0,4910.0,530.0,637.0,822.0,1650.0,496.0,627.0,811.0,40000,1275.0,1420.0,200000.0,24,48,1.2,1.8,0.922,1000.0,600.0,400.0,,53088888.9
ジャパンパイル,JP-NPH85,節杭,1000-900,1000.0,900.0,120.0,標準,85.0,B,11.2,32,3200.0,790.0,294000.0,306900.0,22890000000.0,23890000000.0,53090000.0,8.0,8.0,4910.0,530.0,637.0,822.0,1650.0,496.0,627.0,811.0,40000,1275.0,1420.0,200000.0,24,48,1.2,1.8,0.859,1000.0,600.0,400.0,,53088888.9
ジャパンパイル,JP-NPH85,節杭,1100-900,1100.0,900.0,120.0,標準,85.0,C,12.6,32,4000.0,790.0,294000.0,310100.0,22890000000.0,24140000000.0,53650000.0,10.0,9.9,4372.0,664.0,797.0,933.0,1973.0,545.0,685.0,881.0,40000,1275.0,1420.0,200000.0,24,48,1.2,1.8,0.922,1000.0,600.0,400.0,,53644444.4
ジャパンパイル,JP-NPH85,節杭,1000-900,1000.0,900.0,120.0,標準,85.0,C,12.6,32,4000.0,790.0,294000.0,310100.0,22890000000.0,24140000000.0,53650000.0,10.0,9.9,4372.0,664.0,797.0,933.0,1973.0,545.0,685.0,881.0,40000,1275.0,1420.0,200000.0,24,48,1.2,1.8,0.859,1000.0,600.0,400.0,,53644444.4
ジャパンパイル,JP-NPH105,節杭,1100-900,1100.0,900.0,120.0,標準,105.0,A,10.7,16,1440.0,790.0,294000.0,299800.0,22890000000.0,23340000000.0,51870000.0,4.0,3.9,7824.0,253.0,303.0,592.0,817.0,369.0,478.0,639.0,40000,1275.0,1420.0,200000.0,30,60,1.2,1.8,0.922,1000.0,600.0,400.0,,51866666.7
ジャパンパイル,JP-NPH105,節杭,1000-900,1000.0,900.0,120.0,標準,105.0,A,10.7,16,1440.0,790.0,294000.0,299800.0,22890000000.0,23340000000.0,51870000.0,4.0,3.9,7824.0,253.0,303.0,592.0,817.0,369.0,478.0,639.0,40000,1275.0,1420.0,200000.0,30,60,1.2,1.8,0.859,1000.0,600.0,400.0,,51866666.7
ジャパンパイル,JP-NPH105,節杭,1100-900,1100.0,900.0,140.0,特厚,105.0,AH,10.7,16,1440.0,790.0,334300.0,340000.0,24950000000.0,25400000000.0,56450000.0,3.4,3.4,9044.0,243.0,291.0,617.0,817.0,403.0,525.0,705.0,40000,1275.0,1420.0,200000.0,30,60,1.2,1.8,1.026,1000.0,600.0,400.0,,56444444.4
ジャパンパイル,JP-NPH105,節杭,1000-900,1000.0,900.0,140.0,特厚,105.0,AH,10.7,16,1440.0,790.0,334300.0,340000.0,24950000000.0,25400000000.0,56450000.0,3.4,3.4,9044.0,243.0,291.0,617.0,817.0,403.0,525.0,705.0,40000,1275.0,1420.0,200000.0,30,60,1.2,1.8,0.963,1000.0,600.0,400.0,,56444444.4
ジャパンパイル,JP-NPH105,節杭,1100-900,1100.0,900.0,120.0,標準,105.0,B,11.2,32,3200.0,790.0,294000.0,306900.0,22890000000.0,23890000000.0,53090000.0,8.0,8.0,6751.0,530.0,637.0,822.0,1669.0,496.0,627.0,811.0,40000,1275.0,1420.0,200000.0,30,60,1.2,1.8,0.922,1000.0,600.0,400.0,,53088888.9
ジャパンパイル,JP-NPH105,節杭,1000-900,1000.0,900.0,120.0,標準,105.0,B,11.2,32,3200.0,790.0,294000.0,306900.0,22890000000.0,23890000000.0,53090000.0,8.0,8.0,6751.0,530.0,637.0,822.0,1669.0,496.0,627.0,811.0,40000,1275.0,1420.0,200000.0,30,60,1.2,1.8,0.859,1000.0,600.0,400.0,,53088888.9
ジャパンパイル,JP-NPH105,節杭,1100-900,1100.0,900.0,140.0,特厚,105.0,BH,11.2,32,3200.0,790.0,334300.0,347100.0,24950000000.0,25950000000.0,57670000.0,7.0,7.0,7983.0,506.0,608.0,837.0,1669.0,536.0,681.0,886.0,40000,1275.0,1420.0,200000.0,30,60,1.2,1.8,1.026,1000.0,600.0,400.0,,57666666.7
ジャパンパイル,JP-NPH105,節杭,1000-900,1000.0,900.0,140.0,特厚,105.0,BH,11.2,32,3200.0,790.0,334300.0,347100.0,24950000000.0,25950000000.0,57670000.0,7.0,7.0,7983.0,506.0,608.0,837.0,1669.0,536.0,681.0,886.0,40000,1275.0,1420.0,200000.0,30,60,1.2,1.8,0.963,1000.0,600.0,400.0,,57666666.7
ジャパンパイル,JP-NPH105,節杭,1100-900,1100.0,900.0,120.0,標準,105.0,C,12.6,32,4000.0,790.0,294000.0,310100.0,22890000000.0,24140000000.0,53650000.0,10.0,9.9,6233.0,664.0,797.0,933.0,2003.0,545.0,685.0,881.0,40000,1275.0,1420.0,200000.0,30,60,1.2,1.8,0.922,1000.0,600.0,400.0,,53644444.4
ジャパンパイル,JP-NPH105,節杭,1000-900,1000.0,900.0,120.0,標準,105.0,C,12.6,32,4000.0,790.0,294000.0,310100.0,22890000000.0,24140000000.0,53650000.0,10.0,9.9,6233.0,664.0,797.0,933.0,2003.0,545.0,685.0,881.0,40000,1275.0,1420.0,200000.0,30,60,1.2,1.8,0.859,1000.0,600.0,400.0,,53644444.4
ジャパンパイル,JP-NPH105,節杭,1100-900,1100.0,900.0,140.0,特厚,105.0,CH,12.6,32,4000.0,790.0,334300.0,350300.0,24950000000.0,26200000000.0,58230000.0,8.7,8.7,7461.0,632.0,759.0,944.0,2009.0,588.0,742.0,958.0,40000,1275.0,1420.0,200000.0,30,60,1.2,1.8,1.026,1000.0,600.0,400.0,,58222222.2
ジャパンパイル,JP-NPH105,節杭,1000-900,1000.0,900.0,140.0,特厚,105.0,CH,12.6,32,4000.0,790.0,334300.0,350300.0,24950000000.0,26200000000.0,58230000.0,8.7,8.7,7461.0,632.0,759.0,944.0,2009.0,588.0,742.0,958.0,40000,1275.0,1420.0,200000.0,30,60,1.2,1.8,0.963,1000.0,600.0,400.0,,58222222.2
ジャパンパイル,JP-NPH123,節杭,1100-900,1100.0,900.0,120.0,標準,123.0,A,10.7,16,1440.0,790.0,294000.0,299500.0,22890000000.0,23310000000.0,51810000.0,4.0,3.9,9314.0,253.0,303.0,592.0,827.0,369.0,478.0,639.0,42000,1275.0,1420.0,200000.0,35,70,1.2,1.8,0.922,1000.0,600.0,400.0,,51800000.0
ジャパンパイル,JP-NPH123,節杭,1000-900,1000.0,900.0,120.0,標準,123.0,A,10.7,16,1440.0,790.0,294000.0,299500.0,22890000000.0,23310000000.0,51810000.0,4.0,3.9,9314.0,253.0,303.0,592.0,827.0,369.0,478.0,639.0,42000,1275.0,1420.0,200000.0,35,70,1.2,1.8,0.859,1000.0,600.0,400.0,,51800000.0
ジャパンパイル,JP-NPH123,節杭,1100-900,1100.0,900.0,140.0,特厚,123.0,AH,10.7,16,1440.0,790.0,334300.0,339700.0,24950000000.0,25380000000.0,56390000.0,3.4,3.4,10734.0,243.0,291.0,617.0,826.0,403.0,525.0,705.0,42000,1275.0,1420.0,200000.0,35,70,1.2,1.8,1.026,1000.0,600.0,400.0,,56400000.0
ジャパンパイル,JP-NPH123,節杭,1000-900,1000.0,900.0,140.0,特厚,123.0,AH,10.7,16,1440.0,790.0,334300.0,339700.0,24950000000.0,25380000000.0,56390000.0,3.4,3.4,10734.0,243.0,291.0,617.0,826.0,403.0,525.0,705.0,42000,1275.0,1420.0,200000.0,35,70,1.2,1.8,0.963,1000.0,600.0,400.0,,56400000.0
ジャパンパイル,JP-NPH123,節杭,1100-900,1100.0,900.0,170.0,超特厚,123.0,AH,10.7,16,1440.0,790.0,389900.0,395300.0,27380000000.0,27800000000.0,61780000.0,3.0,3.0,12649.0,228.0,274.0,646.0,827.0,451.0,590.0,799.0,42000,1275.0,1420.0,200000.0,35,70,1.2,1.8,1.171,1000.0,600.0,400.0,,61777777.8
ジャパンパイル,JP-NPH123,節杭,1000-900,1000.0,900.0,170.0,超特厚,123.0,AH,10.7,16,1440.0,790.0,389900.0,395300.0,27380000000.0,27800000000.0,61780000.0,3.0,3.0,12649.0,228.0,274.0,646.0,827.0,451.0,590.0,799.0,42000,1275.0,1420.0,200000.0,35,70,1.2,1.8,1.108,1000.0,600.0,400.0,,61777777.8
ジャパンパイル,JP-NPH123,節杭,1100-900,1100.0,900.0,120.0,標準,123.0,B,11.2,32,3200.0,790.0,294000.0,306100.0,22890000000.0,23830000000.0,52960000.0,8.0,8.0,8264.0,529.0,635.0,820.0,1700.0,496.0,627.0,811.0,42000,1275.0,1420.0,200000.0,35,70,1.2,1.8,0.922,1000.0,600.0,400.0,,52955555.6
ジャパンパイル,JP-NPH123,節杭,1000-900,1000.0,900.0,120.0,標準,123.0,B,11.2,32,3200.0,790.0,294000.0,306100.0,22890000000.0,23830000000.0,52960000.0,8.0,8.0,8264.0,529.0,635.0,820.0,1700.0,496.0,627.0,811.0,42000,1275.0,1420.0,200000.0,35,70,1.2,1.8,0.859,1000.0,600.0,400.0,,52955555.6
ジャパンパイル,JP-NPH123,節杭,1100-900,1100.0,900.0,140.0,特厚,123.0,BH,11.2,32,3200.0,790.0,334300.0,346300.0,24950000000.0,25890000000.0,57540000.0,7.0,7.0,9696.0,505.0,606.0,835.0,1698.0,536.0,681.0,886.0,42000,1275.0,1420.0,200000.0,35,70,1.2,1.8,1.026,1000.0,600.0,400.0,,57533333.3
ジャパンパイル,JP-NPH123,節杭,1000-900,1000.0,900.0,140.0,特厚,123.0,BH,11.2,32,3200.0,790.0,334300.0,346300.0,24950000000.0,25890000000.0,57540000.0,7.0,7.0,9696.0,505.0,606.0,835.0,1698.0,536.0,681.0,886.0,42000,1275.0,1420.0,200000.0,35,70,1.2,1.8,0.963,1000.0,600.0,400.0,,57533333.3
ジャパンパイル,JP-NPH123,節杭,1100-900,1100.0,900.0,170.0,超特厚,123.0,BH,11.2,32,3200.0,790.0,389900.0,401900.0,27380000000.0,28320000000.0,62930000.0,6.0,6.0,11655.0,473.0,568.0,851.0,1699.0,594.0,757.0,991.0,42000,1275.0,1420.0,200000.0,35,70,1.2,1.8,1.171,1000.0,600.0,400.0,,62933333.3
ジャパンパイル,JP-NPH123,節杭,1000-900,1000.0,900.0,170.0,超特厚,123.0,BH,11.2,32,3200.0,790.0,389900.0,401900.0,27380000000.0,28320000000.0,62930000.0,6.0,6.0,11655.0,473.0,568.0,851.0,1699.0,594.0,757.0,991.0,42000,1275.0,1420.0,200000.0,35,70,1.2,1.8,1.108,1000.0,600.0,400.0,,62933333.3
ジャパンパイル,JP-NPH123,節杭,1100-900,1100.0,900.0,120.0,標準,123.0,C,12.6,32,4000.0,790.0,294000.0,309100.0,22890000000.0,24070000000.0,53480000.0,10.0,9.9,7758.0,662.0,794.0,931.0,2067.0,545.0,685.0,881.0,42000,1275.0,1420.0,200000.0,35,70,1.2,1.8,0.922,1000.0,600.0,400.0,,53488888.9
ジャパンパイル,JP-NPH123,節杭,1000-900,1000.0,900.0,120.0,標準,123.0,C,12.6,32,4000.0,790.0,294000.0,309100.0,22890000000.0,24070000000.0,53480000.0,10.0,9.9,7758.0,662.0,794.0,931.0,2067.0,545.0,685.0,881.0,42000,1275.0,1420.0,200000.0,35,70,1.2,1.8,0.859,1000.0,600.0,400.0,,53488888.9
ジャパンパイル,JP-NPH123,節杭,1100-900,1100.0,900.0,140.0,特厚,123.0,CH,12.6,32,4000.0,790.0,334300.0,349300.0,24950000000.0,26130000000.0,58060000.0,8.7,8.7,9186.0,631.0,757.0,940.0,2067.0,588.0,742.0,958.0,42000,1275.0,1420.0,200000.0,35,70,1.2,1.8,1.026,1000.0,600.0,400.0,,58066666.7
ジャパンパイル,JP-NPH123,節杭,1000-900,1000.0,900.0,140.0,特厚,123.0,CH,12.6,32,4000.0,790.0,334300.0,349300.0,24950000000.0,26130000000.0,58060000.0,8.7,8.7,9186.0,631.0,757.0,940.0,2067.0,588.0,742.0,958.0,42000,1275.0,1420.0,200000.0,35,70,1.2,1.8,0.963,1000.0,600.0,400.0,,58066666.7
ジャパンパイル,JP-NPH123,節杭,1100-900,1100.0,900.0,170.0,超特厚,123.0,CH,12.6,32,4000.0,790.0,389900.0,404900.0,27380000000.0,28550000000.0,63440000.0,7.4,7.4,11175.0,590.0,708.0,948.0,2067.0,650.0,823.0,1069.0,42000,1275.0,1420.0,200000.0,35,70,1.2,1.8,1.171,1000.0,600.0,400.0,,63444444.4
ジャパンパイル,JP-NPH123,節杭,1000-900,1000.0,900.0,170.0,超特厚,123.0,CH,12.6,32,4000.0,790.0,389900.0,404900.0,27380000000.0,28550000000.0,63440000.0,7.4,7.4,11175.0,590.0,708.0,948.0,2067.0,650.0,823.0,1069.0,42000,1275.0,1420.0,200000.0,35,70,1.2,1.8,1.108,1000.0,600.0,400.0,,63444444.4
ジャパンパイル,JP-NPH85,節杭,1200-1000,1200.0,1000.0,130.0,標準,85.0,A,10.7,20,1800.0,880.0,355300.0,362500.0,34370000000.0,35060000000.0,70130000.0,4.0,4.0,7250.0,350.0,420.0,806.0,1125.0,450.0,582.0,776.0,40000,1275.0,1420.0,200000.0,24,48,1.2,1.8,1.097,1000.0,600.0,400.0,,70120000.0
ジャパンパイル,JP-NPH85,節杭,1100-1000,1100.0,1000.0,130.0,標準,85.0,A,10.7,20,1800.0,880.0,355300.0,362500.0,34370000000.0,35060000000.0,70130000.0,4.0,4.0,7250.0,350.0,420.0,806.0,1125.0,450.0,582.0,776.0,40000,1275.0,1420.0,200000.0,24,48,1.2,1.8,1.028,1000.0,600.0,400.0,,70120000.0
ジャパンパイル,JP-NPH85,節杭,1200-1000,1200.0,1000.0,130.0,標準,85.0,B,11.2,40,4000.0,880.0,355300.0,371300.0,34370000000.0,35920000000.0,71830000.0,8.0,8.0,5940.0,718.0,862.0,1113.0,2287.0,599.0,757.0,980.0,40000,1275.0,1420.0,200000.0,24,48,1.2,1.8,1.097,1000.0,600.0,400.0,,71840000.0
ジャパンパイル,JP-NPH85,節杭,1100-1000,1100.0,1000.0,130.0,標準,85.0,B,11.2,40,4000.0,880.0,355300.0,371300.0,34370000000.0,35920000000.0,71830000.0,8.0,8.0,5940.0,718.0,862.0,1113.0,2287.0,599.0,757.0,980.0,40000,1275.0,1420.0,200000.0,24,48,1.2,1.8,1.028,1000.0,600.0,400.0,,71840000.0
ジャパンパイル,JP-NPH85,節杭,1200-1000,1200.0,1000.0,130.0,標準,85.0,C,12.6,40,5000.0,880.0,355300.0,375300.0,34370000000.0,36300000000.0,72610000.0,10.0,10.0,5254.0,907.0,1089.0,1270.0,2730.0,660.0,830.0,1067.0,40000,1275.0,1420.0,200000.0,24,48,1.2,1.8,1.097,1000.0,600.0,400.0,,72600000.0
ジャパンパイル,JP-NPH85,節杭,1100-1000,1100.0,1000.0,130.0,標準,85.0,C,12.6,40,5000.0,880.0,355300.0,375300.0,34370000000.0,36300000000.0,72610000.0,10.0,10.0,5254.0,907.0,1089.0,1270.0,2730.0,660.0,830.0,1067.0,40000,1275.0,1420.0,200000.0,24,48,1.2,1.8,1.028,1000.0,600.0,400.0,,72600000.0
ジャパンパイル,JP-NPH105,節杭,1200-1000,1200.0,1000.0,130.0,標準,105.0,A,10.7,20,1800.0,880.0,355300.0,362500.0,34370000000.0,35060000000.0,70130000.0,4.0,4.0,9425.0,350.0,420.0,806.0,1134.0,450.0,582.0,776.0,40000,1275.0,1420.0,200000.0,30,60,1.2,1.8,1.097,1000.0,600.0,400.0,,70120000.0
ジャパンパイル,JP-NPH105,節杭,1100-1000,1100.0,1000.0,130.0,標準,105.0,A,10.7,20,1800.0,880.0,355300.0,362500.0,34370000000.0,35060000000.0,70130000.0,4.0,4.0,9425.0,350.0,420.0,806.0,1134.0,450.0,582.0,776.0,40000,1275.0,1420.0,200000.0,30,60,1.2,1.8,1.028,1000.0,600.0,400.0,,70120000.0
ジャパンパイル,JP-NPH105,節杭,1200-1000,1200.0,1000.0,150.0,特厚,105.0,AH,10.7,20,1800.0,880.0,400600.0,407800.0,37300000000.0,38000000000.0,76000000.0,3.6,3.6,10765.0,336.0,404.0,839.0,1133.0,487.0,634.0,850.0,40000,1275.0,1420.0,200000.0,30,60,1.2,1.8,1.214,1000.0,600.0,400.0,,76000000.0
ジャパンパイル,JP-NPH105,節杭,1100-1000,1100.0,1000.0,150.0,特厚,105.0,AH,10.7,20,1800.0,880.0,400600.0,407800.0,37300000000.0,38000000000.0,76000000.0,3.6,3.6,10765.0,336.0,404.0,839.0,1133.0,487.0,634.0,850.0,40000,1275.0,1420.0,200000.0,30,60,1.2,1.8,1.146,1000.0,600.0,400.0,,76000000.0
ジャパンパイル,JP-NPH105,節杭,1200-1000,1200.0,1000.0,130.0,標準,105.0,B,11.2,40,4000.0,880.0,355300.0,371300.0,34370000000.0,35920000000.0,71830000.0,8.0,8.0,8168.0,718.0,862.0,1113.0,2313.0,599.0,757.0,980.0,40000,1275.0,1420.0,200000.0,30,60,1.2,1.8,1.097,1000.0,600.0,400.0,,71840000.0
ジャパンパイル,JP-NPH105,節杭,1100-1000,1100.0,1000.0,130.0,標準,105.0,B,11.2,40,4000.0,880.0,355300.0,371300.0,34370000000.0,35920000000.0,71830000.0,8.0,8.0,8168.0,718.0,862.0,1113.0,2313.0,599.0,757.0,980.0,40000,1275.0,1420.0,200000.0,30,60,1.2,1.8,1.028,1000.0,600.0,400.0,,71840000.0
ジャパンパイル,JP-NPH105,節杭,1200-1000,1200.0,1000.0,150.0,特厚,105.0,BH,11.2,40,4000.0,880.0,400600.0,416600.0,37300000000.0,38850000000.0,77700000.0,7.1,7.1,9540.0,688.0,826.0,1133.0,2314.0,644.0,817.0,1063.0,40000,1275.0,1420.0,200000.0,30,60,1.2,1.8,1.214,1000.0,600.0,400.0,,77700000.0
ジャパンパイル,JP-NPH105,節杭,1100-1000,1100.0,1000.0,150.0,特厚,105.0,BH,11.2,40,4000.0,880.0,400600.0,416600.0,37300000000.0,38850000000.0,77700000.0,7.1,7.1,9540.0,688.0,826.0,1133.0,2314.0,644.0,817.0,1063.0,40000,1275.0,1420.0,200000.0,30,60,1.2,1.8,1.146,1000.0,600.0,400.0,,77700000.0
ジャパンパイル,JP-NPH105,節杭,1200-1000,1200.0,1000.0,130.0,標準,105.0,C,12.6,40,5000.0,880.0,355300.0,375300.0,34370000000.0,36300000000.0,72610000.0,10.0,10.0,7506.0,907.0,1089.0,1270.0,2773.0,660.0,830.0,1067.0,40000,1275.0,1420.0,200000.0,30,60,1.2,1.8,1.097,1000.0,600.0,400.0,,72600000.0
ジャパンパイル,JP-NPH105,節杭,1100-1000,1100.0,1000.0,130.0,標準,105.0,C,12.6,40,5000.0,880.0,355300.0,375300.0,34370000000.0,36300000000.0,72610000.0,10.0,10.0,7506.0,907.0,1089.0,1270.0,2773.0,660.0,830.0,1067.0,40000,1275.0,1420.0,200000.0,30,60,1.2,1.8,1.028,1000.0,600.0,400.0,,72600000.0
ジャパンパイル,JP-NPH105,節杭,1200-1000,1200.0,1000.0,150.0,特厚,105.0,CH,12.6,40,5000.0,880.0,400600.0,420600.0,37300000000.0,39240000000.0,78480000.0,8.9,8.9,8874.0,868.0,1042.0,1283.0,2782.0,710.0,895.0,1154.0,40000,1275.0,1420.0,200000.0,30,60,1.2,1.8,1.214,1000.0,600.0,400.0,,78480000.0
ジャパンパイル,JP-NPH105,節杭,1100-1000,1100.0,1000.0,150.0,特厚,105.0,CH,12.6,40,5000.0,880.0,400600.0,420600.0,37300000000.0,39240000000.0,78480000.0,8.9,8.9,8874.0,868.0,1042.0,1283.0,2782.0,710.0,895.0,1154.0,40000,1275.0,1420.0,200000.0,30,60,1.2,1.8,1.146,1000.0,600.0,400.0,,78480000.0
ジャパンパイル,JP-NPH123,節杭,1200-1000,1200.0,1000.0,130.0,標準,123.0,A,10.7,20,1800.0,880.0,355300.0,362100.0,34370000000.0,35020000000.0,70050000.0,4.0,4.0,11225.0,350.0,420.0,805.0,1147.0,450.0,582.0,776.0,42000,1275.0,1420.0,200000.0,35,70,1.2,1.8,1.097,1000.0,600.0,400.0,,70040000.0
ジャパンパイル,JP-NPH123,節杭,1100-1000,1100.0,1000.0,130.0,標準,123.0,A,10.7,20,1800.0,880.0,355300.0,362100.0,34370000000.0,35020000000.0,70050000.0,4.0,4.0,11225.0,350.0,420.0,805.0,1147.0,450.0,582.0,776.0,42000,1275.0,1420.0,200000.0,35,70,1.2,1.8,1.028,1000.0,600.0,400.0,,70040000.0
ジャパンパイル,JP-NPH123,節杭,1200-1000,1200.0,1000.0,150.0,特厚,123.0,AH,10.7,20,1800.0,880.0,400600.0,407300.0,37300000000.0,37960000000.0,75910000.0,3.6,3.6,12789.0,336.0,403.0,838.0,1147.0,487.0,634.0,850.0,42000,1275.0,1420.0,200000.0,35,70,1.2,1.8,1.214,1000.0,600.0,400.0,,75920000.0
ジャパンパイル,JP-NPH123,節杭,1100-1000,1100.0,1000.0,150.0,特厚,123.0,AH,10.7,20,1800.0,880.0,400600.0,407300.0,37300000000.0,37960000000.0,75910000.0,3.6,3.6,12789.0,336.0,403.0,838.0,1147.0,487.0,634.0,850.0,42000,1275.0,1420.0,200000.0,35,70,1.2,1.8,1.146,1000.0,600.0,400.0,,75920000.0
ジャパンパイル,JP-NPH123,節杭,1200-1000,1200.0,1000.0,180.0,超特厚,123.0,AH,10.7,20,1800.0,880.0,463700.0,470500.0,40850000000.0,41510000000.0,83020000.0,3.1,3.1,15008.0,318.0,381.0,877.0,1148.0,541.0,708.0,956.0,42000,1275.0,1420.0,200000.0,35,70,1.2,1.8,1.379,1000.0,600.0,400.0,,83020000.0
ジャパンパイル,JP-NPH123,節杭,1100-1000,1100.0,1000.0,180.0,超特厚,123.0,AH,10.7,20,1800.0,880.0,463700.0,470500.0,40850000000.0,41510000000.0,83020000.0,3.1,3.1,15008.0,318.0,381.0,877.0,1148.0,541.0,708.0,956.0,42000,1275.0,1420.0,200000.0,35,70,1.2,1.8,1.31,1000.0,600.0,400.0,,83020000.0
ジャパンパイル,JP-NPH123,節杭,1200-1000,1200.0,1000.0,130.0,標準,123.0,B,11.2,40,4000.0,880.0,355300.0,370400.0,34370000000.0,35820000000.0,71650000.0,8.0,8.0,10000.0,716.0,859.0,1110.0,2359.0,599.0,757.0,980.0,42000,1275.0,1420.0,200000.0,35,70,1.2,1.8,1.097,1000.0,600.0,400.0,,71640000.0
ジャパンパイル,JP-NPH123,節杭,1100-1000,1100.0,1000.0,130.0,標準,123.0,B,11.2,40,4000.0,880.0,355300.0,370400.0,34370000000.0,35820000000.0,71650000.0,8.0,8.0,10000.0,716.0,859.0,1110.0,2359.0,599.0,757.0,980.0,42000,1275.0,1420.0,200000.0,35,70,1.2,1.8,1.028,1000.0,600.0,400.0,,71640000.0
ジャパンパイル,JP-NPH123,節杭,1200-1000,1200.0,1000.0,150.0,特厚,123.0,BH,11.2,40,4000.0,880.0,400600.0,415600.0,37300000000.0,38760000000.0,77520000.0,7.1,7.1,11595.0,686.0,824.0,1130.0,2356.0,644.0,817.0,1063.0,42000,1275.0,1420.0,200000.0,35,70,1.2,1.8,1.214,1000.0,600.0,400.0,,77520000.0
ジャパンパイル,JP-NPH123,節杭,1100-1000,1100.0,1000.0,150.0,特厚,123.0,BH,11.2,40,4000.0,880.0,400600.0,415600.0,37300000000.0,38760000000.0,77520000.0,7.1,7.1,11595.0,686.0,824.0,1130.0,2356.0,644.0,817.0,1063.0,42000,1275.0,1420.0,200000.0,35,70,1.2,1.8,1.146,1000.0,600.0,400.0,,77520000.0
ジャパンパイル,JP-NPH123,節杭,1200-1000,1200.0,1000.0,180.0,超特厚,123.0,BH,11.2,40,4000.0,880.0,463700.0,478700.0,40850000000.0,42310000000.0,84620000.0,6.1,6.1,13834.0,647.0,776.0,1152.0,2356.0,709.0,903.0,1181.0,42000,1275.0,1420.0,200000.0,35,70,1.2,1.8,1.379,1000.0,600.0,400.0,,84620000.0
ジャパンパイル,JP-NPH123,節杭,1100-1000,1100.0,1000.0,180.0,超特厚,123.0,BH,11.2,40,4000.0,880.0,463700.0,478700.0,40850000000.0,42310000000.0,84620000.0,6.1,6.1,13834.0,647.0,776.0,1152.0,2356.0,709.0,903.0,1181.0,42000,1275.0,1420.0,200000.0,35,70,1.2,1.8,1.31,1000.0,600.0,400.0,,84620000.0
ジャパンパイル,JP-NPH123,節杭,1200-1000,1200.0,1000.0,130.0,標準,123.0,C,12.6,40,5000.0,880.0,355300.0,374100.0,34370000000.0,36190000000.0,72380000.0,10.0,10.0,9352.0,904.0,1085.0,1266.0,2865.0,660.0,830.0,1067.0,42000,1275.0,1420.0,200000.0,35,70,1.2,1.8,1.097,1000.0,600.0,400.0,,72380000.0
ジャパンパイル,JP-NPH123,節杭,1100-1000,1100.0,1000.0,130.0,標準,123.0,C,12.6,40,5000.0,880.0,355300.0,374100.0,34370000000.0,36190000000.0,72380000.0,10.0,10.0,9352.0,904.0,1085.0,1266.0,2865.0,660.0,830.0,1067.0,42000,1275.0,1420.0,200000.0,35,70,1.2,1.8,1.028,1000.0,600.0,400.0,,72380000.0
ジャパンパイル,JP-NPH123,節杭,1200-1000,1200.0,1000.0,150.0,特厚,123.0,CH,12.6,40,5000.0,880.0,400600.0,419400.0,37300000000.0,39120000000.0,78250000.0,8.9,8.9,10946.0,866.0,1039.0,1279.0,2866.0,710.0,895.0,1154.0,42000,1275.0,1420.0,200000.0,35,70,1.2,1.8,1.214,1000.0,600.0,400.0,,78240000.0
ジャパンパイル,JP-NPH123,節杭,1100-1000,1100.0,1000.0,150.0,特厚,123.0,CH,12.6,40,5000.0,880.0,400600.0,419400.0,37300000000.0,39120000000.0,78250000.0,8.9,8.9,10946.0,866.0,1039.0,1279.0,2866.0,710.0,895.0,1154.0,42000,1275.0,1420.0,200000.0,35,70,1.2,1.8,1.146,1000.0,600.0,400.0,,78240000.0
ジャパンパイル,JP-NPH123,節杭,1200-1000,1200.0,1000.0,180.0,超特厚,123.0,CH,12.6,40,5000.0,880.0,463700.0,482500.0,40850000000.0,42670000000.0,85340000.0,7.6,7.6,13220.0,815.0,978.0,1292.0,2866.0,779.0,986.0,1278.0,42000,1275.0,1420.0,200000.0,35,70,1.2,1.8,1.379,1000.0,600.0,400.0,,85340000.0
ジャパンパイル,JP-NPH123,節杭,1100-1000,1100.0,1000.0,180.0,超特厚,123.0,CH,12.6,40,5000.0,880.0,463700.0,482500.0,40850000000.0,42670000000.0,85340000.0,7.6,7.6,13220.0,815.0,978.0,1292.0,2866.0,779.0,986.0,1278.0,42000,1275.0,1420.0,200000.0,35,70,1.2,1.8,1.31,1000.0,600.0,400.0,,85340000.0
ジャパンパイル,JP-NPH85,節杭,1200-1100,1200.0,1100.0,140.0,標準,85.0,A,11.2,22,2200.0,980.0,422200.0,431000.0,49680000000.0,50730000000.0,92240000.0,4.0,4.0,8620.0,461.0,553.0,1060.0,1513.0,534.0,691.0,922.0,40000,1275.0,1420.0,200000.0,24,48,1.2,1.8,1.212,1000.0,600.0,400.0,,92236363.6
ジャパンパイル,JP-NPH85,節杭,1200-1100,1200.0,1100.0,140.0,標準,85.0,B,11.2,44,4400.0,980.0,422200.0,439800.0,49680000000.0,51790000000.0,94160000.0,8.0,7.9,7080.0,930.0,1116.0,1448.0,2819.0,707.0,895.0,1159.0,40000,1275.0,1420.0,200000.0,24,48,1.2,1.8,1.212,1000.0,600.0,400.0,,94163636.4
ジャパンパイル,JP-NPH85,節杭,1200-1100,1200.0,1100.0,140.0,標準,85.0,C,12.6,44,5500.0,980.0,422200.0,444200.0,49680000000.0,52320000000.0,95120000.0,10.0,9.7,6352.0,1153.0,1384.0,1632.0,3385.0,774.0,974.0,1253.0,40000,1275.0,1420.0,200000.0,24,48,1.2,1.8,1.212,1000.0,600.0,400.0,,95127272.7
ジャパンパイル,JP-NPH105,節杭,1200-1100,1200.0,1100.0,140.0,標準,105.0,A,11.2,22,2200.0,980.0,422200.0,431000.0,49680000000.0,50730000000.0,92240000.0,4.0,4.0,11206.0,461.0,553.0,1060.0,1525.0,534.0,691.0,922.0,40000,1275.0,1420.0,200000.0,30,60,1.2,1.8,1.212,1000.0,600.0,400.0,,92236363.6
ジャパンパイル,JP-NPH105,節杭,1200-1100,1200.0,1100.0,160.0,特厚,105.0,AH,11.2,22,2200.0,980.0,472500.0,481300.0,53700000000.0,54760000000.0,99560000.0,3.6,3.6,12706.0,444.0,533.0,1102.0,1524.0,576.0,748.0,1003.0,40000,1275.0,1420.0,200000.0,30,60,1.2,1.8,1.343,1000.0,600.0,400.0,,99563636.4
ジャパンパイル,JP-NPH105,節杭,1200-1100,1200.0,1100.0,140.0,標準,105.0,B,11.2,44,4400.0,980.0,422200.0,439800.0,49680000000.0,51790000000.0,94160000.0,8.0,7.9,9719.0,930.0,1116.0,1449.0,2848.0,707.0,895.0,1159.0,40000,1275.0,1420.0,200000.0,30,60,1.2,1.8,1.212,1000.0,600.0,400.0,,94163636.4
ジャパンパイル,JP-NPH105,節杭,1200-1100,1200.0,1100.0,160.0,特厚,105.0,BH,11.2,44,4400.0,980.0,472500.0,490100.0,53700000000.0,55810000000.0,101500000.0,7.0,7.0,11272.0,874.0,1049.0,1474.0,2847.0,756.0,959.0,1248.0,40000,1275.0,1420.0,200000.0,30,60,1.2,1.8,1.343,1000.0,600.0,400.0,,101472727.3
ジャパンパイル,JP-NPH105,節杭,1200-1100,1200.0,1100.0,140.0,標準,105.0,C,12.6,44,5500.0,980.0,422200.0,444200.0,49680000000.0,52320000000.0,95120000.0,10.0,9.7,9017.0,1153.0,1384.0,1632.0,3435.0,774.0,974.0,1253.0,40000,1275.0,1420.0,200000.0,30,60,1.2,1.8,1.212,1000.0,600.0,400.0,,95127272.7
ジャパンパイル,JP-NPH105,節杭,1200-1100,1200.0,1100.0,160.0,特厚,105.0,CH,12.6,44,5500.0,980.0,472500.0,494500.0,53700000000.0,56340000000.0,102400000.0,8.6,8.6,10582.0,1077.0,1293.0,1651.0,3441.0,826.0,1042.0,1346.0,40000,1275.0,1420.0,200000.0,30,60,1.2,1.8,1.343,1000.0,600.0,400.0,,102436363.6
ジャパンパイル,JP-NPH123,節杭,1200-1100,1200.0,1100.0,140.0,標準,123.0,A,11.2,22,2200.0,980.0,422200.0,430500.0,49680000000.0,50670000000.0,92130000.0,4.0,4.0,13345.0,460.0,552.0,1059.0,1542.0,534.0,691.0,922.0,42000,1275.0,1420.0,200000.0,35,70,1.2,1.8,1.212,1000.0,600.0,400.0,,92127272.7
ジャパンパイル,JP-NPH123,節杭,1200-1100,1200.0,1100.0,160.0,特厚,123.0,AH,11.2,22,2200.0,980.0,472500.0,480800.0,53700000000.0,54690000000.0,99440000.0,3.6,3.6,15097.0,444.0,532.0,1101.0,1542.0,576.0,748.0,1003.0,42000,1275.0,1420.0,200000.0,35,70,1.2,1.8,1.343,1000.0,600.0,400.0,,99436363.6
ジャパンパイル,JP-NPH123,節杭,1200-1100,1200.0,1100.0,190.0,超特厚,123.0,AH,11.2,22,2200.0,980.0,543200.0,551500.0,58680000000.0,59670000000.0,108490000.0,3.1,3.1,17592.0,421.0,505.0,1151.0,1543.0,635.0,830.0,1121.0,42000,1275.0,1420.0,200000.0,35,70,1.2,1.8,1.526,1000.0,600.0,400.0,,108490909.1
ジャパンパイル,JP-NPH123,節杭,1200-1100,1200.0,1100.0,140.0,標準,123.0,B,11.2,44,4400.0,980.0,422200.0,438800.0,49680000000.0,51660000000.0,93930000.0,8.0,7.9,11891.0,928.0,1113.0,1444.0,2889.0,707.0,895.0,1159.0,42000,1275.0,1420.0,200000.0,35,70,1.2,1.8,1.212,1000.0,600.0,400.0,,93927272.7
ジャパンパイル,JP-NPH123,節杭,1200-1100,1200.0,1100.0,160.0,特厚,123.0,BH,11.2,44,4400.0,980.0,472500.0,489000.0,53700000000.0,55690000000.0,101200000.0,7.0,7.0,13692.0,889.0,1067.0,1471.0,2885.0,756.0,959.0,1248.0,42000,1275.0,1420.0,200000.0,35,70,1.2,1.8,1.343,1000.0,600.0,400.0,,101254545.5
ジャパンパイル,JP-NPH123,節杭,1200-1100,1200.0,1100.0,190.0,超特厚,123.0,BH,11.2,44,4400.0,980.0,543200.0,559700.0,58680000000.0,60660000000.0,110290000.0,6.1,6.1,16175.0,842.0,1011.0,1501.0,2883.0,827.0,1054.0,1379.0,42000,1275.0,1420.0,200000.0,35,70,1.2,1.8,1.526,1000.0,600.0,400.0,,110290909.1
ジャパンパイル,JP-NPH123,節杭,1200-1100,1200.0,1100.0,140.0,標準,123.0,C,12.6,44,5500.0,980.0,422200.0,442900.0,49680000000.0,52160000000.0,94840000.0,10.0,9.7,11205.0,1150.0,1380.0,1627.0,3527.0,774.0,974.0,1253.0,42000,1275.0,1420.0,200000.0,35,70,1.2,1.8,1.212,1000.0,600.0,400.0,,94836363.6
ジャパンパイル,JP-NPH123,節杭,1200-1100,1200.0,1100.0,160.0,特厚,123.0,CH,12.6,44,5500.0,980.0,472500.0,493200.0,53700000000.0,56180000000.0,102200000.0,8.6,8.6,13020.0,1100.0,1320.0,1646.0,3528.0,826.0,1042.0,1346.0,42000,1275.0,1420.0,200000.0,35,70,1.2,1.8,1.343,1000.0,600.0,400.0,,102145454.5
ジャパンパイル,JP-NPH123,節杭,1200-1100,1200.0,1100.0,190.0,超特厚,123.0,CH,12.6,44,5500.0,980.0,543200.0,563900.0,58680000000.0,61160000000.0,111200000.0,7.5,7.5,15507.0,1041.0,1249.0,1667.0,3527.0,902.0,1142.0,1482.0,42000,1275.0,1420.0,200000.0,35,70,1.2,1.8,1.526,1000.0,600.0,400.0,,111200000.0
